ParNum,ParName,High importance & High interaction,High importance & Low interaction,Low importance & High interaction,Low importance & Low interaction
par1,SURLAG,0,0,0,0
par2,SPCON,0,0,0,0
par3,SPEXP,0,0,0,0
par4,ESCO,0,0,0,0
par5,EPCO,0,0,0,0
par6,GW_REVAP,0,0,0,0
par7,REVAPMN,0,0,0,0
par8,GW_DELAY,0,0,0,0
par9,ALPHA_BF,0,0,0,0
par10,GWQMN,0,0,0,0
par11,RCHRG_DP,0,0,0,0
par12,GW_REVAP,0,0,0,0
par13,REVAPMN,0,0,0,0
par14,GW_DELAY,0,0,0,0
par15,ALPHA_BF,0,0,0,0
par16,GWQMN,0,0,0,0
par17,RCHRG_DP,0,0,0,0
par18,GW_REVAP,0,0,0,0
par19,REVAPMN,0,0,0,0
par20,GW_DELAY,0,0,0,0
par21,ALPHA_BF,0,0,0,0
par22,GWQMN,0,0,0,0
par23,RCHRG_DP,0,0,0,0
par24,GW_REVAP,0,0,0,0
par25,REVAPMN,0,0,0,0
par26,GW_DELAY,0,0,0,0
par27,ALPHA_BF,0,0,0,0
par28,GWQMN,0,0,0,0
par29,RCHRG_DP,0,0,0,0
par30,GW_REVAP,0,0,0,0
par31,REVAPMN,0,0,0,0
par32,GW_DELAY,0,0,0,0
par33,ALPHA_BF,0,0,0,0
par34,GWQMN,0,0,0,0
par35,RCHRG_DP,0,0,0,0
par36,GW_REVAP,0,0,0,0
par37,REVAPMN,0,0,0,0
par38,GW_DELAY,0,0,0,0
par39,ALPHA_BF,0,0,0,0
par40,GWQMN,0,0,0,0
par41,RCHRG_DP,0,0,0,0
par42,GW_REVAP,0,0,0,10
par43,REVAPMN,0,0,0,9
par44,GW_DELAY,0,0,0,10
par45,ALPHA_BF,0,0,0,9
par46,GWQMN,0,0,0,10
par47,RCHRG_DP,0,1,0,9
par48,GW_REVAP,0,0,0,0
par49,REVAPMN,0,0,0,0
par50,GW_DELAY,0,0,0,0
par51,ALPHA_BF,0,0,0,0
par52,GWQMN,0,0,0,0
par53,RCHRG_DP,0,0,0,0
par54,GW_REVAP,0,0,0,0
par55,REVAPMN,0,0,0,1
par56,GW_DELAY,0,0,0,10
par57,ALPHA_BF,0,0,0,10
par58,GWQMN,0,0,0,10
par59,RCHRG_DP,0,0,0,10
par60,GW_REVAP,0,0,0,10
par61,REVAPMN,0,0,0,1
par62,GW_DELAY,0,0,0,10
par63,ALPHA_BF,0,0,0,10
par64,GWQMN,0,0,0,10
par65,RCHRG_DP,0,0,0,10
par66,GW_REVAP,0,0,0,0
par67,REVAPMN,0,0,0,0
par68,GW_DELAY,0,0,0,0
par69,ALPHA_BF,0,0,0,0
par70,GWQMN,0,0,0,0
par71,RCHRG_DP,0,0,0,0
par72,GW_REVAP,7,0,2,1
par73,REVAPMN,0,0,0,0
par74,GW_DELAY,5,0,1,4
par75,ALPHA_BF,0,0,0,10
par76,GWQMN,0,0,0,10
par77,RCHRG_DP,10,0,0,0
par78,GW_REVAP,0,0,3,7
par79,REVAPMN,0,0,0,0
par80,GW_DELAY,0,0,0,10
par81,ALPHA_BF,0,0,0,10
par82,GWQMN,0,0,9,1
par83,RCHRG_DP,8,2,0,0
par84,GW_REVAP,1,0,9,0
par85,REVAPMN,0,0,0,0
par86,GW_DELAY,1,2,1,6
par87,ALPHA_BF,0,0,0,10
par88,GWQMN,0,0,1,9
par89,RCHRG_DP,10,0,0,0
par90,GW_REVAP,10,0,0,0
par91,REVAPMN,0,0,0,0
par92,GW_DELAY,9,1,0,0
par93,ALPHA_BF,0,0,0,0
par94,GWQMN,7,0,2,1
par95,RCHRG_DP,10,0,0,0
par96,GW_REVAP,0,0,2,8
par97,REVAPMN,0,0,0,0
par98,GW_DELAY,0,0,0,10
par99,ALPHA_BF,0,0,0,10
par100,GWQMN,1,0,3,6
par101,RCHRG_DP,0,1,0,9
par102,GW_REVAP,5,0,5,0
par103,REVAPMN,0,0,0,0
par104,GW_DELAY,0,0,0,10
par105,ALPHA_BF,0,0,0,3
par106,GWQMN,7,0,2,1
par107,RCHRG_DP,10,0,0,0
par108,GW_REVAP,0,0,2,7
par109,REVAPMN,0,0,0,5
par110,GW_DELAY,2,0,1,7
par111,ALPHA_BF,0,0,0,8
par112,GWQMN,6,0,3,1
par113,RCHRG_DP,4,3,1,2
par114,GW_REVAP,3,0,3,4
par115,REVAPMN,0,0,0,0
par116,GW_DELAY,5,2,2,1
par117,ALPHA_BF,0,0,0,10
par118,GWQMN,10,0,0,0
par119,RCHRG_DP,10,0,0,0
par120,GW_REVAP,0,0,0,0
par121,REVAPMN,0,0,0,0
par122,GW_DELAY,0,0,0,0
par123,ALPHA_BF,0,0,0,0
par124,GWQMN,0,0,0,0
par125,RCHRG_DP,0,0,0,0
par126,GW_REVAP,0,0,0,0
par127,REVAPMN,0,0,0,0
par128,GW_DELAY,0,0,0,0
par129,ALPHA_BF,0,0,0,0
par130,GWQMN,0,0,0,0
par131,RCHRG_DP,0,0,0,0
par132,GW_REVAP,0,0,0,0
par133,REVAPMN,0,0,0,0
par134,GW_DELAY,0,0,0,0
par135,ALPHA_BF,0,0,0,0
par136,GWQMN,0,0,0,0
par137,RCHRG_DP,0,0,0,0
par138,ESCO,0,0,0,0
par139,EPCO,0,0,0,0
par140,OV_N,0,0,0,0
par141,ESCO,0,0,0,0
par142,EPCO,0,0,0,0
par143,ESCO,0,0,0,0
par144,EPCO,0,0,0,0
par145,OV_N,0,0,0,0
par146,LAT_SED,0,0,0,0
par147,ESCO,0,0,0,0
par148,EPCO,0,0,0,0
par149,OV_N,0,0,0,0
par150,SLSOIL,0,0,0,0
par151,ESCO,0,0,0,0
par152,EPCO,0,0,0,0
par153,OV_N,0,0,0,0
par154,ESCO,0,0,0,0
par155,EPCO,0,0,0,0
par156,OV_N,0,0,0,0
par157,ESCO,1,7,0,2
par158,EPCO,0,0,0,10
par159,SLSOIL,0,0,0,10
par160,ESCO,0,9,0,1
par161,EPCO,0,0,0,10
par162,SLSOIL,0,0,0,10
par163,ESCO,4,6,0,0
par164,EPCO,0,0,0,10
par165,SLSOIL,0,0,0,10
par166,ESCO,0,7,0,3
par167,EPCO,0,0,0,10
par168,SLSOIL,0,0,0,10
par169,ESCO,0,0,0,10
par170,EPCO,0,0,0,10
par171,SLSOIL,0,0,0,10
par172,ESCO,9,1,0,0
par173,EPCO,0,0,0,10
par174,SLSOIL,0,0,0,10
par175,ESCO,1,6,0,3
par176,EPCO,0,0,0,10
par177,SLSOIL,0,0,0,10
par178,ESCO,5,5,0,0
par179,EPCO,0,0,0,10
par180,SLSOIL,0,0,0,10
par181,ESCO,10,0,0,0
par182,EPCO,0,4,0,6
par183,SLSOIL,0,0,0,10
par184,ESCO,0,0,0,10
par185,EPCO,0,0,0,10
par186,SLSOIL,0,0,0,10
par187,ESCO,4,6,0,0
par188,EPCO,0,0,0,10
par189,SLSOIL,0,0,0,10
par190,ESCO,0,7,0,3
par191,EPCO,0,0,0,10
par192,SLSOIL,0,0,0,10
par193,ESCO,10,0,0,0
par194,EPCO,0,0,0,10
par195,SLSOIL,0,0,0,10
par196,ESCO,0,0,0,0
par197,EPCO,0,0,0,0
par198,SLSOIL,0,0,0,0
par199,ESCO,0,0,0,0
par200,EPCO,0,0,0,0
par201,SLSOIL,0,0,0,0
par202,ESCO,0,0,0,0
par203,EPCO,0,0,0,0
par204,OV_N,0,0,0,0
par205,SLSOIL,0,0,0,0
par206,LAT_SED,0,0,0,0
par207,CN2,0,0,0,0
par208,CN2,0,0,0,0
par209,USLE_P,0,0,0,0
par210,CN2,0,0,0,0
par211,CN2,0,0,0,0
par212,CN2,0,0,0,0
par213,CN2,1,0,6,3
par214,CN2,1,0,3,6
par215,CN2,8,0,1,1
par216,CN2,2,0,1,7
par217,CN2,0,0,0,10
par218,CN2,10,0,0,0
par219,CN2,5,2,2,1
par220,CN2,10,0,0,0
par221,CN2,10,0,0,0
par222,CN2,0,0,0,10
par223,CN2,3,0,4,3
par224,CN2,6,0,2,2
par225,CN2,9,0,1,0
par226,CN2,0,0,0,0
par227,CN2,0,0,0,0
par228,CN2,0,0,0,0
par229,USLE_P,0,0,0,10
par230,CHW2,0,0,0,0
par231,CHD,0,0,0,0
par232,CH_L2,0,0,0,0
par233,CHW2,0,0,0,0
par234,CHD,0,0,0,0
par235,CH_L2,0,0,0,0
par236,CH_L2,0,0,0,0
