0,avg2011,avg2011,max2011,max2011,min2011,min2011,avg2012,avg2012,max2012,max2012,min2012,min2012,avg2013,avg2013,max2013,max2013,min2013,min2013,avg2014,avg2014,max2014,max2014,min2014,min2014,avg2015,avg2015,max2015,max2015,min2015,min2015,avg2016,avg2016,max2016,max2016,min2016,min2016,avg2017,avg2017,max2017,max2017,min2017,min2017,avg2018,avg2018,max2018,max2018,min2018,min2018,avg2019,avg2019,max2019,max2019,min2019,min2019,avg2020,avg2020,max2020,max2020,min2020,min2020
Morris Index,Mu,Sigma,Mu,Sigma,Mu,Sigma,Mu,Sigma,Mu,Sigma,Mu,Sigma,Mu,Sigma,Mu,Sigma,Mu,Sigma,Mu,Sigma,Mu,Sigma,Mu,Sigma,Mu,Sigma,Mu,Sigma,Mu,Sigma,Mu,Sigma,Mu,Sigma,Mu,Sigma,Mu,Sigma,Mu,Sigma,Mu,Sigma,Mu,Sigma,Mu,Sigma,Mu,Sigma,Mu,Sigma,Mu,Sigma,Mu,Sigma,Mu,Sigma,Mu,Sigma,Mu,Sigma
par1,0,0,0,0,0,0,0,0,0,0,0,0,0,0,0,0,0,0,0,0,0,0,0,0,0,0,0,0,0,0,0,0,0,0,0,0,0,0,0,0,0,0,0,0,0,0,0,0,0,0,0,0,0,0,0,0,0,0,0,0
par2,0,0,0,0,0,0,0,0,0,0,0,0,0,0,0,0,0,0,0,0,0,0,0,0,0,0,0,0,0,0,0,0,0,0,0,0,0,0,0,0,0,0,0,0,0,0,0,0,0,0,0,0,0,0,0,0,0,0,0,0
par3,0,0,0,0,0,0,0,0,0,0,0,0,0,0,0,0,0,0,0,0,0,0,0,0,0,0,0,0,0,0,0,0,0,0,0,0,0,0,0,0,0,0,0,0,0,0,0,0,0,0,0,0,0,0,0,0,0,0,0,0
par4,0,0,0,0,0,0,0,0,0,0,0,0,0,0,0,0,0,0,0,0,0,0,0,0,0,0,0,0,0,0,0,0,0,0,0,0,0,0,0,0,0,0,0,0,0,0,0,0,0,0,0,0,0,0,0,0,0,0,0,0
par5,0,0,0,0,0,0,0,0,0,0,0,0,0,0,0,0,0,0,0,0,0,0,0,0,0,0,0,0,0,0,0,0,0,0,0,0,0,0,0,0,0,0,0,0,0,0,0,0,0,0,0,0,0,0,0,0,0,0,0,0
par6,0,0,0,0,0,0,0,0,0,0,0,0,0,0,0,0,0,0,0,0,0,0,0,0,0,0,0,0,0,0,0,0,0,0,0,0,0,0,0,0,0,0,0,0,0,0,0,0,0,0,0,0,0,0,0,0,0,0,0,0
par7,0,0,0,0,0,0,0,0,0,0,0,0,0,0,0,0,0,0,0,0,0,0,0,0,0,0,0,0,0,0,0,0,0,0,0,0,0,0,0,0,0,0,0,0,0,0,0,0,0,0,0,0,0,0,0,0,0,0,0,0
par8,0,0,0,0,0,0,0,0,0,0,0,0,0,0,0,0,0,0,0,0,0,0,0,0,0,0,0,0,0,0,0,0,0,0,0,0,0,0,0,0,0,0,0,0,0,0,0,0,0,0,0,0,0,0,0,0,0,0,0,0
par9,0,0,0,0,0,0,0,0,0,0,0,0,0,0,0,0,0,0,0,0,0,0,0,0,0,0,0,0,0,0,0,0,0,0,0,0,0,0,0,0,0,0,0,0,0,0,0,0,0,0,0,0,0,0,0,0,0,0,0,0
par10,0,0,0,0,0,0,0,0,0,0,0,0,0,0,0,0,0,0,0,0,0,0,0,0,0,0,0,0,0,0,0,0,0,0,0,0,0,0,0,0,0,0,0,0,0,0,0,0,0,0,0,0,0,0,0,0,0,0,0,0
par11,0,0,0,0,0,0,0,0,0,0,0,0,0,0,0,0,0,0,0,0,0,0,0,0,0,0,0,0,0,0,0,0,0,0,0,0,0,0,0,0,0,0,0,0,0,0,0,0,0,0,0,0,0,0,0,0,0,0,0,0
par12,0,0,0,0,0,0,0,0,0,0,0,0,0,0,0,0,0,0,0,0,0,0,0,0,0,0,0,0,0,0,0,0,0,0,0,0,0,0,0,0,0,0,0,0,0,0,0,0,0,0,0,0,0,0,0,0,0,0,0,0
par13,0,0,0,0,0,0,0,0,0,0,0,0,0,0,0,0,0,0,0,0,0,0,0,0,0,0,0,0,0,0,0,0,0,0,0,0,0,0,0,0,0,0,0,0,0,0,0,0,0,0,0,0,0,0,0,0,0,0,0,0
par14,0,0,0,0,0,0,0,0,0,0,0,0,0,0,0,0,0,0,0,0,0,0,0,0,0,0,0,0,0,0,0,0,0,0,0,0,0,0,0,0,0,0,0,0,0,0,0,0,0,0,0,0,0,0,0,0,0,0,0,0
par15,0,0,0,0,0,0,0,0,0,0,0,0,0,0,0,0,0,0,0,0,0,0,0,0,0,0,0,0,0,0,0,0,0,0,0,0,0,0,0,0,0,0,0,0,0,0,0,0,0,0,0,0,0,0,0,0,0,0,0,0
par16,0,0,0,0,0,0,0,0,0,0,0,0,0,0,0,0,0,0,0,0,0,0,0,0,0,0,0,0,0,0,0,0,0,0,0,0,0,0,0,0,0,0,0,0,0,0,0,0,0,0,0,0,0,0,0,0,0,0,0,0
par17,0,0,0,0,0,0,0,0,0,0,0,0,0,0,0,0,0,0,0,0,0,0,0,0,0,0,0,0,0,0,0,0,0,0,0,0,0,0,0,0,0,0,0,0,0,0,0,0,0,0,0,0,0,0,0,0,0,0,0,0
par18,0,0,0,0,0,0,0,0,0,0,0,0,0,0,0,0,0,0,0,0,0,0,0,0,0,0,0,0,0,0,0,0,0,0,0,0,0,0,0,0,0,0,0,0,0,0,0,0,0,0,0,0,0,0,0,0,0,0,0,0
par19,0,0,0,0,0,0,0,0,0,0,0,0,0,0,0,0,0,0,0,0,0,0,0,0,0,0,0,0,0,0,0,0,0,0,0,0,0,0,0,0,0,0,0,0,0,0,0,0,0,0,0,0,0,0,0,0,0,0,0,0
par20,0,0,0,0,0,0,0,0,0,0,0,0,0,0,0,0,0,0,0,0,0,0,0,0,0,0,0,0,0,0,0,0,0,0,0,0,0,0,0,0,0,0,0,0,0,0,0,0,0,0,0,0,0,0,0,0,0,0,0,0
par21,0,0,0,0,0,0,0,0,0,0,0,0,0,0,0,0,0,0,0,0,0,0,0,0,0,0,0,0,0,0,0,0,0,0,0,0,0,0,0,0,0,0,0,0,0,0,0,0,0,0,0,0,0,0,0,0,0,0,0,0
par22,0,0,0,0,0,0,0,0,0,0,0,0,0,0,0,0,0,0,0,0,0,0,0,0,0,0,0,0,0,0,0,0,0,0,0,0,0,0,0,0,0,0,0,0,0,0,0,0,0,0,0,0,0,0,0,0,0,0,0,0
par23,0,0,0,0,0,0,0,0,0,0,0,0,0,0,0,0,0,0,0,0,0,0,0,0,0,0,0,0,0,0,0,0,0,0,0,0,0,0,0,0,0,0,0,0,0,0,0,0,0,0,0,0,0,0,0,0,0,0,0,0
par24,0,0,0,0,0,0,0,0,0,0,0,0,0,0,0,0,0,0,0,0,0,0,0,0,0,0,0,0,0,0,0,0,0,0,0,0,0,0,0,0,0,0,0,0,0,0,0,0,0,0,0,0,0,0,0,0,0,0,0,0
par25,0,0,0,0,0,0,0,0,0,0,0,0,0,0,0,0,0,0,0,0,0,0,0,0,0,0,0,0,0,0,0,0,0,0,0,0,0,0,0,0,0,0,0,0,0,0,0,0,0,0,0,0,0,0,0,0,0,0,0,0
par26,0,0,0,0,0,0,0,0,0,0,0,0,0,0,0,0,0,0,0,0,0,0,0,0,0,0,0,0,0,0,0,0,0,0,0,0,0,0,0,0,0,0,0,0,0,0,0,0,0,0,0,0,0,0,0,0,0,0,0,0
par27,0,0,0,0,0,0,0,0,0,0,0,0,0,0,0,0,0,0,0,0,0,0,0,0,0,0,0,0,0,0,0,0,0,0,0,0,0,0,0,0,0,0,0,0,0,0,0,0,0,0,0,0,0,0,0,0,0,0,0,0
par28,0,0,0,0,0,0,0,0,0,0,0,0,0,0,0,0,0,0,0,0,0,0,0,0,0,0,0,0,0,0,0,0,0,0,0,0,0,0,0,0,0,0,0,0,0,0,0,0,0,0,0,0,0,0,0,0,0,0,0,0
par29,0,0,0,0,0,0,0,0,0,0,0,0,0,0,0,0,0,0,0,0,0,0,0,0,0,0,0,0,0,0,0,0,0,0,0,0,0,0,0,0,0,0,0,0,0,0,0,0,0,0,0,0,0,0,0,0,0,0,0,0
par30,0,0,0,0,0,0,0,0,0,0,0,0,0,0,0,0,0,0,0,0,0,0,0,0,0,0,0,0,0,0,0,0,0,0,0,0,0,0,0,0,0,0,0,0,0,0,0,0,0,0,0,0,0,0,0,0,0,0,0,0
par31,0,0,0,0,0,0,0,0,0,0,0,0,0,0,0,0,0,0,0,0,0,0,0,0,0,0,0,0,0,0,0,0,0,0,0,0,0,0,0,0,0,0,0,0,0,0,0,0,0,0,0,0,0,0,0,0,0,0,0,0
par32,0,0,0,0,0,0,0,0,0,0,0,0,0,0,0,0,0,0,0,0,0,0,0,0,0,0,0,0,0,0,0,0,0,0,0,0,0,0,0,0,0,0,0,0,0,0,0,0,0,0,0,0,0,0,0,0,0,0,0,0
par33,0,0,0,0,0,0,0,0,0,0,0,0,0,0,0,0,0,0,0,0,0,0,0,0,0,0,0,0,0,0,0,0,0,0,0,0,0,0,0,0,0,0,0,0,0,0,0,0,0,0,0,0,0,0,0,0,0,0,0,0
par34,0,0,0,0,0,0,0,0,0,0,0,0,0,0,0,0,0,0,0,0,0,0,0,0,0,0,0,0,0,0,0,0,0,0,0,0,0,0,0,0,0,0,0,0,0,0,0,0,0,0,0,0,0,0,0,0,0,0,0,0
par35,0,0,0,0,0,0,0,0,0,0,0,0,0,0,0,0,0,0,0,0,0,0,0,0,0,0,0,0,0,0,0,0,0,0,0,0,0,0,0,0,0,0,0,0,0,0,0,0,0,0,0,0,0,0,0,0,0,0,0,0
par36,0,0,0,0,0,0,0,0,0,0,0,0,0,0,0,0,0,0,0,0,0,0,0,0,0,0,0,0,0,0,0,0,0,0,0,0,0,0,0,0,0,0,0,0,0,0,0,0,0,0,0,0,0,0,0,0,0,0,0,0
par37,0,0,0,0,0,0,0,0,0,0,0,0,0,0,0,0,0,0,0,0,0,0,0,0,0,0,0,0,0,0,0,0,0,0,0,0,0,0,0,0,0,0,0,0,0,0,0,0,0,0,0,0,0,0,0,0,0,0,0,0
par38,0,0,0,0,0,0,0,0,0,0,0,0,0,0,0,0,0,0,0,0,0,0,0,0,0,0,0,0,0,0,0,0,0,0,0,0,0,0,0,0,0,0,0,0,0,0,0,0,0,0,0,0,0,0,0,0,0,0,0,0
par39,0,0,0,0,0,0,0,0,0,0,0,0,0,0,0,0,0,0,0,0,0,0,0,0,0,0,0,0,0,0,0,0,0,0,0,0,0,0,0,0,0,0,0,0,0,0,0,0,0,0,0,0,0,0,0,0,0,0,0,0
par40,0,0,0,0,0,0,0,0,0,0,0,0,0,0,0,0,0,0,0,0,0,0,0,0,0,0,0,0,0,0,0,0,0,0,0,0,0,0,0,0,0,0,0,0,0,0,0,0,0,0,0,0,0,0,0,0,0,0,0,0
par41,0,0,0,0,0,0,0,0,0,0,0,0,0,0,0,0,0,0,0,0,0,0,0,0,0,0,0,0,0,0,0,0,0,0,0,0,0,0,0,0,0,0,0,0,0,0,0,0,0,0,0,0,0,0,0,0,0,0,0,0
par42,0.1014,0.2259,0.24,0.4336,0.092,0.2057,0.033,0.0716,0.04,0.0894,0.02,0.0447,0.001,0.0019,0.004,0.0089,0,0,0.0012,0.0027,0.004,0.0089,0.024,0.0537,0.0022,0.0049,0,0,0.004,0.0089,0.002,0.0045,0,0,0,0,0.0022,0.005,0.112,0.2504,0.016,0.0358,0.0027,0.0059,0.04,0.0894,0,0,0.0025,0.0055,0.008,0.0179,0,0,0.0011,0.0024,0.004,0.0089,0.0004,0.000894
par43,0,0,0,0,0,0,0.00094,0.0021,0,0,0.004,0.0089,0.0074,0.0165,0.028,0.0626,0.0056,0.0125,0.000208,0.000466,0,0,0,0,0.0049,0.011,0,0,0.004,0.0089,0.000186,0.000415,0,0,0,0,0.0046,0.0103,0,0,0,0,0.0041,0.0091,0.04,0.0894,0.072,0.161,3.29E-05,7.35E-05,0,0,0,0,1.10E-06,2.45E-06,0,0,0,0
par44,0.0738,0.0663,0.176,0.1493,0.0272,0.0423,0.0217,0.0177,0.112,0.0965,0.216,0.2944,0.0641,0.0504,0.16,0.2227,0.0404,0.0409,0.1307,0.1036,0.404,0.3951,0.1064,0.1043,0.0753,0.0691,0.16,0.1673,0.028,0.0335,0.0751,0.0603,0.24,0.1673,0.056,0.0607,0.0943,0.0823,0.044,0.0876,0.112,0.1045,0.0178,0.0119,0.04,0.0894,0.04,0.0374,0.0755,0.0711,0.172,0.189,0.0364,0.0439,0.0698,0.0604,0.176,0.3497,0.0176,0.0189
par45,0.000263,0.000588,0,0,0,0,0.000601,0.0012,0,0,0.008,0.0179,0.000157,0.000226,0,0,0.016,0.0358,9.86E-05,0.000191,0,0,0,0,3.29E-06,7.35E-06,0,0,0,0,3.28E-05,4.89E-05,0,0,0,0,4.38E-05,7.14E-05,0,0,0,0,2.19E-05,4.90E-05,0,0,0,0,2.30E-05,3.16E-05,0,0,0,0,0,0,0,0,0,0
par46,0.2137,0.4769,0.196,0.4383,0.204,0.4562,0.0922,0.1932,0.08,0.1789,0.364,0.8139,0.0257,0.0408,0.056,0.1252,0.0272,0.0504,0.0044,0.0085,0.04,0.0894,0.0152,0.026,0.0109,0.0158,0.04,0.0894,0.0076,0.0104,0.0048,0.0104,0,0,0,0,0.0122,0.0198,0,0,0.012,0.0268,0.0097,0.0159,0.08,0.1789,0.056,0.1144,0.0043,0.0095,0.012,0.0268,0,0,0.000482,0.0011,0,0,0,0
par47,0.3771,0.326,0.776,0.5991,0.2364,0.2413,0.4666,0.2822,0.44,0.5367,0.324,0.2951,0.5082,0.2716,0.808,0.3068,0.276,0.2058,0.4375,0.2373,1.236,0.6217,0.4128,0.2424,0.4696,0.2586,0.56,0.5177,0.4248,0.3067,0.4395,0.2436,0.48,0.4604,0.348,0.2595,0.5227,0.2897,0.272,0.173,0.448,0.2532,0.5577,0.3112,0.72,0.4604,0.532,0.3515,0.3695,0.2053,0.376,0.2776,0.1792,0.2029,0.2806,0.1573,0.452,0.5963,0.156,0.1486
par48,0,0,0,0,0,0,0,0,0,0,0,0,0,0,0,0,0,0,0,0,0,0,0,0,0,0,0,0,0,0,0,0,0,0,0,0,0,0,0,0,0,0,0,0,0,0,0,0,0,0,0,0,0,0,0,0,0,0,0,0
par49,0,0,0,0,0,0,0,0,0,0,0,0,0,0,0,0,0,0,0,0,0,0,0,0,0,0,0,0,0,0,0,0,0,0,0,0,0,0,0,0,0,0,0,0,0,0,0,0,0,0,0,0,0,0,0,0,0,0,0,0
par50,0,0,0,0,0,0,0,0,0,0,0,0,0,0,0,0,0,0,0,0,0,0,0,0,0,0,0,0,0,0,0,0,0,0,0,0,0,0,0,0,0,0,0,0,0,0,0,0,0,0,0,0,0,0,0,0,0,0,0,0
par51,0,0,0,0,0,0,0,0,0,0,0,0,0,0,0,0,0,0,0,0,0,0,0,0,0,0,0,0,0,0,0,0,0,0,0,0,0,0,0,0,0,0,0,0,0,0,0,0,0,0,0,0,0,0,0,0,0,0,0,0
par52,0,0,0,0,0,0,0,0,0,0,0,0,0,0,0,0,0,0,0,0,0,0,0,0,0,0,0,0,0,0,0,0,0,0,0,0,0,0,0,0,0,0,0,0,0,0,0,0,0,0,0,0,0,0,0,0,0,0,0,0
par53,0,0,0,0,0,0,0,0,0,0,0,0,0,0,0,0,0,0,0,0,0,0,0,0,0,0,0,0,0,0,0,0,0,0,0,0,0,0,0,0,0,0,0,0,0,0,0,0,0,0,0,0,0,0,0,0,0,0,0,0
par54,0,0,0,0,0,0,0,0,0,0,0,0,0,0,0,0,0,0,0,0,0,0,0,0,0,0,0,0,0,0,0,0,0,0,0,0,0,0,0,0,0,0,0,0,0,0,0,0,0,0,0,0,0,0,0,0,0,0,0,0
par55,0,0,0,0,0,0,0,0,0,0,0,0,0,0,0,0,0,0,0,0,0,0,0,0,0,0,0,0,0,0,0,0,0,0,0,0,0,0,0,0,0,0,0,0,0,0,0,0,0,0,0,0,0,0,2.41E-05,5.39E-05,0,0,0,0
par56,0.0055,0.0049,0.04,0.0894,0.0008,0.0018,0.002,0.0026,0,0,0,0,0.0016,0.0017,0,0,0.0044,0.0088,0.0026,0.0026,0,0,0.0128,0.0264,0.0033,0.004,0.04,0.0894,0.0404,0.0618,0.0019,0.002,0,0,0.0008,0.0018,0.0042,0.0045,0.04,0.0894,0,0,0.002,0.0021,0,0,0.068,0.1521,0.0026,0.0027,0.016,0.0261,0.0004,0.000894,0.0019,0.0017,0,0,0.0004,0.000894
par57,0.000186,0.000309,0,0,0,0,0.000328,0.000703,0,0,0,0,0.000182,0.000377,0,0,0,0,9.86E-05,0.000166,0,0,0,0,2.19E-05,4.90E-05,0,0,0,0,9.84E-05,0.000166,0,0,0,0,2.19E-05,4.90E-05,0,0,0,0,8.77E-05,0.000126,0,0,0,0,5.37E-05,7.56E-05,0,0,0,0,3.73E-05,5.10E-05,0,0,0,0
par58,0.004,0.0055,0.004,0.0089,0,0,0.0117,0.0165,0.004,0.0089,0.008,0.011,0.0086,0.0123,0.004,0.0089,0.0016,0.0036,0.0083,0.0115,0.008,0.0179,0.0092,0.0174,0.0113,0.0166,0,0,0.004,0.0089,0.0084,0.0116,0.04,0.0894,0.004,0.0089,0.015,0.0217,0.084,0.1769,0.02,0.0346,0.011,0.0157,0,0,0.004,0.0089,0.006,0.0085,0.012,0.0179,0.0028,0.0063,0.006,0.0084,0.032,0.0716,0.0016,0.0022
par59,0.0088,0.0062,0.044,0.0876,0.0016,0.0036,0.0124,0.0097,0.004,0.0089,0.048,0.0756,0.0108,0.0088,0.036,0.0498,0.0304,0.0563,0.0105,0.0078,0.044,0.0876,0.0148,0.0125,0.0129,0.0106,0.04,0.0894,0.016,0.0167,0.0122,0.0095,0,0,0.04,0.0787,0.0164,0.0138,0.008,0.0179,0.02,0.0245,0.0158,0.0133,0.12,0.1789,0.024,0.0434,0.0088,0.0074,0.016,0.0167,0.0028,0.0039,0.0081,0.0072,0.004,0.0089,0.006,0.0082
par60,0.0343,0.0767,0.08,0.1789,0.04,0.0894,0.0531,0.1188,0.04,0.0894,0.024,0.0537,0.0514,0.1149,0.044,0.0984,0,0,0.046,0.1029,0.08,0.1789,0.012,0.0268,0.0579,0.1294,0.04,0.0894,0.032,0.0716,0.0486,0.1086,0.12,0.2683,0.108,0.2415,0.0684,0.1529,0.04,0.0894,0.032,0.0716,0.0519,0.1161,0.08,0.1789,0.008,0.0179,0.0326,0.0729,0.04,0.0894,0.024,0.0537,0.0207,0.0462,0.04,0.0894,0.06,0.1342
par61,0,0,0,0,0,0,0,0,0,0,0,0,0,0,0,0,0,0,0,0,0,0,0,0,0,0,0,0,0,0,0,0,0,0,0,0,0,0,0,0,0,0,0,0,0,0,0,0,0,0,0,0,0,0,0.000296,0.000662,0,0,0.0008,0.0018
par62,0.03,0.0193,0.132,0.0955,0.012,0.011,0.0094,0.0052,0.2,0.2,0.024,0.0261,0.021,0.0114,0.024,0.0358,0.0084,0.0062,0.0221,0.0142,0.048,0.0867,0.0428,0.062,0.0199,0.0138,0.08,0.1789,0.028,0.0228,0.0128,0.0121,0,0,0.08,0.0735,0.0175,0.0161,0.028,0.0522,0.032,0.0716,0.0044,0.0062,0,0,0.004,0.0089,0.0125,0.0115,0.144,0.1734,0.0504,0.1016,0.0223,0.0173,0.06,0.0894,0.0292,0.0477
par63,0.000142,0.000196,0.004,0.0089,0.004,0.0089,0.0016,0.0035,0.004,0.0089,0,0,0.0015,0.0033,0,0,0.036,0.0805,0.0015,0.0033,0,0,0.0004,0.000894,0.0011,0.0024,0,0,0.004,0.0089,0.0011,0.002,0.04,0.0894,0,0,0.000592,0.0012,0.004,0.0089,0,0,0.000142,0.000218,0,0,0.02,0.0447,0.0011,0.0022,0.004,0.0089,0.0148,0.0331,0.000532,0.0011,0,0,0.0328,0.0733
par64,0.0131,0.0251,0.04,0.0894,0.0516,0.1056,0.0129,0.0271,0.04,0.0894,0.008,0.0179,0.0124,0.0242,0.04,0.0894,0.0224,0.0373,0.0131,0.0256,0.04,0.0894,0.0056,0.0088,0.0139,0.0275,0.04,0.0894,0.0116,0.0259,0.0133,0.0268,0.04,0.0894,0.0308,0.0422,0.0166,0.0352,0.004,0.0089,0.012,0.0268,0.0149,0.0319,0.04,0.0894,0.008,0.011,0.0104,0.023,0.04,0.0894,0.0024,0.0054,0.0074,0.0164,0.04,0.0894,0.0008,0.0018
par65,0.095,0.0736,0.304,0.2238,0.1036,0.1246,0.0941,0.0843,0.228,0.2644,0.108,0.1145,0.1017,0.0771,0.112,0.1006,0.0428,0.0507,0.0989,0.076,0.332,0.3211,0.1412,0.0918,0.112,0.0918,0.16,0.1673,0.1104,0.1001,0.1081,0.0868,0.12,0.1095,0.15,0.1539,0.1196,0.1053,0.264,0.2012,0.188,0.2138,0.1227,0.1008,0.2,0.2449,0.1432,0.1083,0.0776,0.0659,0.3,0.3611,0.0772,0.0732,0.0563,0.0566,0.064,0.0921,0.0256,0.0327
par66,0,0,0,0,0,0,0,0,0,0,0,0,0,0,0,0,0,0,0,0,0,0,0,0,0,0,0,0,0,0,0,0,0,0,0,0,0,0,0,0,0,0,0,0,0,0,0,0,0,0,0,0,0,0,0,0,0,0,0,0
par67,0,0,0,0,0,0,0,0,0,0,0,0,0,0,0,0,0,0,0,0,0,0,0,0,0,0,0,0,0,0,0,0,0,0,0,0,0,0,0,0,0,0,0,0,0,0,0,0,0,0,0,0,0,0,0,0,0,0,0,0
par68,0,0,0,0,0,0,0,0,0,0,0,0,0,0,0,0,0,0,0,0,0,0,0,0,0,0,0,0,0,0,0,0,0,0,0,0,0,0,0,0,0,0,0,0,0,0,0,0,0,0,0,0,0,0,0,0,0,0,0,0
par69,0,0,0,0,0,0,0,0,0,0,0,0,0,0,0,0,0,0,0,0,0,0,0,0,0,0,0,0,0,0,0,0,0,0,0,0,0,0,0,0,0,0,0,0,0,0,0,0,0,0,0,0,0,0,0,0,0,0,0,0
par70,0,0,0,0,0,0,0,0,0,0,0,0,0,0,0,0,0,0,0,0,0,0,0,0,0,0,0,0,0,0,0,0,0,0,0,0,0,0,0,0,0,0,0,0,0,0,0,0,0,0,0,0,0,0,0,0,0,0,0,0
par71,0,0,0,0,0,0,0,0,0,0,0,0,0,0,0,0,0,0,0,0,0,0,0,0,0,0,0,0,0,0,0,0,0,0,0,0,0,0,0,0,0,0,0,0,0,0,0,0,0,0,0,0,0,0,0,0,0,0,0,0
par72,0.5844,1.2485,1.28,2.7517,0.1848,0.3701,1.38,3.0153,1.28,2.7517,0.636,1.2922,1.0383,2.2755,2.972,6.601,0.1392,0.2408,0.6583,1.3931,0.12,0.1789,0.0888,0.1414,1.6552,3.6295,4.2,9.2801,0.3908,0.7875,1.0812,2.3581,0.6,1.2329,0.55,1.1966,1.8229,3.9915,3.56,7.6294,1.036,2.2173,1.5245,3.3292,2.64,5.7921,0.6368,1.347,0.6825,1.4713,2.66,5.8477,0.1028,0.1566,0.0831,0.1318,0.16,0.2608,0.0364,0.0599
par73,0,0,0,0,0,0,0,0,0,0,0,0,0,0,0,0,0,0,0,0,0,0,0,0,0,0,0,0,0,0,0,0,0,0,0,0,0,0,0,0,0,0,0,0,0,0,0,0,0,0,0,0,0,0,0,0,0,0,0,0
par74,1.2484,1.0814,3.084,3.3271,0.6116,0.5415,0.431,0.2604,1.576,1.3367,1.4,1.7298,0.1919,0.2069,1.404,1.1896,1.1348,1.3868,0.6073,0.5761,4.076,4.6567,2.128,1.8285,1.1167,0.9399,2.8,2.881,1.4288,1.4147,0.7479,0.7489,1,0.8602,0.924,1.515,0.8962,0.7323,0.972,1.0881,0.576,0.5885,0.1693,0.1505,1.28,1.6285,0.1736,0.2479,1.019,0.9145,0.816,1.0617,1.5446,1.3177,1.1659,0.9708,2.64,2.3384,0.3592,0.3884
par75,0.000493,0.0011,0.012,0.0268,0,0,0.000612,0.0013,0,0,0.004,0.0089,0.000706,0.0015,0.004,0.0089,0.0008,0.0018,0.000876,0.0018,0.012,0.0268,0.016,0.0358,0.0013,0.0026,0.04,0.0894,0.004,0.0089,0.000448,0.000942,0.04,0.0894,0,0,0.000405,0.000847,0.044,0.0984,0,0,0.000164,0.000338,0,0,0,0,7.23E-05,0.000159,0.04,0.0787,0.0008,0.0018,0.000129,0.000262,0,0,0,0
par76,0.2297,0.1545,0.4,0.4,0.104,0.1098,0.2298,0.1658,0.76,0.6986,0.168,0.161,0.2621,0.2106,1.036,1.0929,0.0684,0.083,0.1287,0.1563,0.2,0.2828,0.0796,0.0972,0.2761,0.1902,0.72,0.7294,0.0244,0.0243,0.0976,0.1224,0.12,0.1789,0.056,0.0817,0.3749,0.3141,0.92,1.1454,0.036,0.0498,0.4526,0.4433,0.76,1.374,0.072,0.0438,0.2557,0.272,0.144,0.1992,0.008,0.0081,0.0132,0.0272,0.04,0.0894,0.0016,0.0036
par77,3.4832,2.1112,3.708,2.7908,3.3572,1.9592,3.7835,3.2986,3.32,3.0087,3.04,2.0932,4.1157,3.0293,6.588,3.4638,3.5924,2.3559,3.2903,2.1411,6.14,4.0655,2.9896,2.3498,4.7736,4.242,9.36,5.8024,4.1564,2.2205,3.639,2.7572,5.92,3.4427,2.5484,1.4488,4.9335,4.1649,6.98,4.088,3.488,2.22,4.5212,3.9613,5.84,4.0185,5.304,3.3745,3.261,2.3135,4.28,2.9202,2.4728,1.8654,2.4473,1.6628,2.576,2.1069,2.3912,1.5644
par78,0.1722,0.3842,0.432,0.966,0.128,0.2862,0.2097,0.4689,0.28,0.6261,0.296,0.6619,0.1698,0.3797,0.396,0.8855,0,0,0.1276,0.2852,0.48,1.0733,0.224,0.5009,0.2676,0.5983,0.6,1.3416,0.236,0.5277,0.2053,0.4591,0.44,0.9839,0,0,0.2967,0.6634,0.492,1.1001,0.364,0.8139,0.2934,0.6562,0.44,0.9839,0.144,0.322,0.1599,0.3575,0.496,1.1091,0,0,0.0521,0.1164,0.116,0.2594,0,0
par79,0,0,0,0,0,0,0,0,0,0,0,0,0,0,0,0,0,0,0,0,0,0,0,0,0,0,0,0,0,0,0,0,0,0,0,0,0,0,0,0,0,0,0,0,0,0,0,0,0,0,0,0,0,0,0,0,0,0,0,0
par80,0.423,0.4241,0.4,0.4794,0.4668,0.5652,0.0721,0.0483,0.42,0.3347,0.1,0.0949,0.0579,0.054,0.272,0.4496,0.1772,0.1437,0.108,0.0857,0.616,0.5266,0.3484,0.2828,0.2497,0.16,0.48,0.3347,0.1044,0.0861,0.244,0.3516,0.56,0.4099,0.1144,0.1027,0.2377,0.286,1.312,1.4038,0.472,0.6824,0.0589,0.0569,0.2,0.1414,0.14,0.1068,0.2057,0.2043,0.568,0.6987,0.3088,0.253,0.2799,0.2432,0.648,0.6009,0.1036,0.106
par81,0.000844,0.0014,0.088,0.1753,0.024,0.0537,0.000317,0.000679,0.084,0.1769,0,0,3.29E-05,7.35E-05,0.044,0.0984,0,0,0.000263,0.000588,0,0,0,0,0.000559,0.0012,0.04,0.0894,0.044,0.0984,0.0013,0.0018,0,0,0,0,0.0017,0.003,0.04,0.0894,0.02,0.0283,0.000395,0.000604,0.2,0.2828,0.04,0.0616,0.000412,0.00064,0.052,0.0867,0.004,0.0089,0.000273,0.000374,0.08,0.1095,0.0004,0.000894
par82,0.4486,0.7319,0.372,0.6956,0.268,0.3751,0.4023,0.8826,0.88,1.9677,0.212,0.474,0.3285,0.7346,0.688,1.5384,0.028,0.0626,0.2982,0.6668,0.72,1.61,0.4,0.8944,0.4501,1.0065,0.96,2.1466,0.392,0.8765,0.3857,0.8625,0.76,1.6994,0.068,0.1521,0.5055,1.1304,0.8,1.7889,0.592,1.3238,0.5073,1.1344,0.76,1.6994,0.248,0.5545,0.3091,0.6912,0.672,1.5026,0.004,0.0089,0.1596,0.3568,0.24,0.5367,0.0004,0.000894
par83,1.0859,0.8638,1.68,1.6634,1.1824,0.859,1.0796,0.7591,1.004,1.1376,1.508,0.8603,1.1251,0.6614,1.092,0.8499,0.9976,0.5415,0.9788,0.5641,1.288,1.1556,0.8604,0.4918,1.3892,0.9769,2.12,1.9162,1.5136,0.7725,0.9517,0.8125,1.8,1.1045,1.434,0.6749,1.0891,1.1079,1.82,1.3708,0.528,0.6968,0.8381,0.843,1.48,0.8556,1.32,0.826,0.9014,0.5528,1.264,0.8788,1.0424,0.5787,0.6172,0.3439,0.684,0.4139,0.5692,0.3234
par84,1.1317,2.5302,1.8,4.0249,0.9004,2.0122,0.6263,1.4003,0.72,1.61,0.932,2.084,0.3625,0.8104,0.052,0.1163,0.0008,0.0018,0.5567,1.2443,1.12,2.5044,0.864,1.932,0.6211,1.3883,0.64,1.4311,0.552,1.2343,0.5612,1.2542,1.32,2.9516,0.224,0.5009,0.6156,1.3755,0.52,1.1628,0.396,0.8855,0.5193,1.1602,0.4,0.8944,0.268,0.5993,0.2824,0.6306,0.444,0.9928,0,0,0.242,0.5402,0.56,1.2522,0.0004,0.000894
par85,0,0,0,0,0,0,0,0,0,0,0,0,0,0,0,0,0,0,0,0,0,0,0,0,0,0,0,0,0,0,0,0,0,0,0,0,0,0,0,0,0,0,0,0,0,0,0,0,0,0,0,0,0,0,0,0,0,0,0,0
par86,0.9511,0.2853,0.872,0.5421,0.9968,0.4305,0.3001,0.2136,1.32,0.5404,0.444,0.4227,0.2904,0.4477,0.236,0.2443,0.8572,0.7473,0.4284,0.2011,1.848,1.2975,1.3188,0.7166,0.4963,0.2135,1.32,0.6723,0.7648,1.0272,0.2697,0.2154,1.12,1.064,0.7656,1.0221,0.6254,0.3022,1.424,0.8825,1.276,1.6906,0.2248,0.2043,0.44,0.2608,0.44,0.7021,0.8074,0.4548,0.576,0.5629,1.0684,0.8399,0.6574,0.3227,1.2,0.4472,0.51,0.3621
par87,0.0118,0.0264,0.04,0.0894,0.042,0.0939,0.0023,0.0052,0.2,0.4472,0,0,0.0028,0.0062,0.144,0.322,0,0,0.000119,0.000238,0,0,0,0,0.000553,0.0012,0.04,0.0894,0,0,0.0099,0.0221,0,0,0,0,0.0079,0.0176,0.08,0.1789,0.036,0.0805,0.0027,0.006,0.04,0.0894,0,0,0.0064,0.0142,0.044,0.0984,0,0,3.84E-05,8.27E-05,0,0,0,0
par88,0.5774,1.2901,0.92,2.0572,0.346,0.7726,0.1968,0.4394,0.76,1.6994,0,0,0.1277,0.2853,0.54,1.2075,0,0,0.000452,0.00083,0,0,0,0,0.0781,0.1746,0.52,1.1628,0.0004,0.000894,0.125,0.2794,0,0,0.0652,0.1458,0.2972,0.6644,0.72,1.61,0.42,0.9391,0.2495,0.5579,0.92,2.0572,0,0,0.102,0.228,0.548,1.2254,0,0,3.62E-05,7.20E-05,0,0,0,0
par89,1.4159,0.9878,1.4,1.3565,1.6148,0.9062,1.2165,0.8606,1.24,1.4311,1.408,0.7797,1.7422,0.7118,1.44,1.2268,2.0468,1.1089,0.9899,0.6582,1.32,1.2377,0.9412,0.7597,1.5336,1.0549,2.4,1.4697,1.96,0.9804,1.1685,0.7136,1.64,0.9423,2.0484,1.1361,1.5739,1.2578,1.924,1.5482,1.724,0.7897,1.4692,1.0604,1.64,1.1437,2.412,0.7489,1.6764,0.6948,1.3,0.8549,1.806,1.1539,1.075,0.6301,1.4,0.9055,1.3352,0.9646
par90,1.9565,4.3748,4.12,9.2126,0.172,0.3846,3.3161,7.415,4.2,9.3915,2.872,6.422,1.1603,2.5944,4.108,9.1858,0.072,0.161,2.7377,6.1216,0.04,0.0894,0.0528,0.1181,2.4093,5.3874,3.16,7.066,0.6,1.3416,3.6109,8.0741,7.04,15.7419,0.988,2.2092,2.4069,5.382,3.76,8.4076,0.956,2.1377,2.6561,5.9392,0.48,1.0733,0.42,0.9391,0.8613,1.9259,1.572,3.5151,0.1376,0.3077,1.4593,3.263,2.44,5.456,0.1904,0.4257
par91,0,0,0,0,0,0,0,0,0,0,0,0,0,0,0,0,0,0,0,0,0,0,0,0,0,0,0,0,0,0,0,0,0,0,0,0,0,0,0,0,0,0,0,0,0,0,0,0,0,0,0,0,0,0,0,0,0,0,0,0
par92,4.4621,2.4421,3.664,2.321,6.6536,5.8468,2.0381,1.9455,3.4,3.5299,1.632,1.5676,3.6999,3.5188,2.456,2.5239,7.9684,6.3379,1.8705,1.8096,10.624,7.4911,7.9672,5.5513,1.1426,0.4495,3.52,2.4191,6.904,6.8413,2.5728,3.2698,7.44,10.1729,3.532,4.2606,1.2038,1.0644,6.24,3.0118,7.756,6.625,0.9114,0.649,2.64,3.008,5.64,6.3675,4.9466,3.845,2.448,3.1129,7.1936,5.1,1.5269,0.587,2.64,1.6935,3.2028,3.1417
par93,0,0,0,0,0,0,0,0,0,0,0,0,0,0,0,0,0,0,0,0,0,0,0,0,0,0,0,0,0,0,0,0,0,0,0,0,0,0,0,0,0,0,0,0,0,0,0,0,0,0,0,0,0,0,0,0,0,0,0,0
par94,0.6932,1.5499,0.12,0.2683,0,0,1.7321,3.8731,4.76,10.6437,0.724,1.6189,1.0411,2.3279,4.4,9.8387,0,0,0.378,0.8452,0.04,0.0894,0.006,0.0134,1.2154,2.7177,4.16,9.302,0.188,0.4204,1.2707,2.8414,1.52,3.3988,0.388,0.8676,2.1147,4.7285,4.4,9.8387,0.948,2.1198,1.8697,4.1808,5,11.1803,0.12,0.2683,0.722,1.6145,0,0,0,0,0.0161,0.036,0.04,0.0894,0,0
par95,5.9988,3.3341,7.784,4.3462,6.3468,2.8303,5.9953,4.9133,7.12,4.9932,6.14,4.9616,6.2739,3.6328,9.152,6.0256,4.9152,2.6867,3.9911,2.5574,4.352,3.9002,2.8104,1.5638,6.8148,5.1311,9.76,6.7013,5.6136,3.0482,5.267,3.9869,5.88,4.4308,4.66,3.047,7.9557,6.7314,11.484,8.3429,5.46,3.8236,6.4468,5.249,8.32,4.8448,7.748,3.9951,5.0946,2.4855,6.436,3.9676,3.7536,2.2504,3.0907,1.6244,3.96,2.1927,3.1024,1.6691
par96,0.3373,0.4721,0.28,0.4382,0.232,0.5188,0.2856,0.3944,0.16,0.2608,0.112,0.1993,0.235,0.4133,0.056,0.0876,0.2432,0.5438,0.3698,0.5157,0.12,0.1789,0.1844,0.3038,0.2596,0.4005,0.08,0.1789,0.068,0.1521,0.3298,0.4518,0.48,0.6573,0.292,0.5986,0.2984,0.4202,0.16,0.2608,0.212,0.4204,0.2926,0.4082,0.08,0.1095,0.268,0.5993,0.2161,0.3355,0.776,1.6908,0.1728,0.3864,0.3082,0.4248,0.8,1.1314,0.1684,0.3766
par97,0,0,0,0,0,0,0,0,0,0,0,0,0,0,0,0,0,0,0,0,0,0,0,0,0,0,0,0,0,0,0,0,0,0,0,0,0,0,0,0,0,0,0,0,0,0,0,0,0,0,0,0,0,0,0,0,0,0,0,0
par98,0.3347,0.1205,0.312,0.1213,0.548,0.3991,0.299,0.2533,0.652,1.0998,0.548,0.7264,0.3631,0.2966,0.364,0.2826,0.48,0.4398,0.1056,0.0534,0.736,0.8628,0.6984,0.3755,0.0817,0.072,0.72,0.4604,0.452,0.3261,0.1587,0.1505,0.8,1.1045,0.2176,0.4161,0.139,0.0978,0.72,0.6015,0.656,0.6567,0.0965,0.0969,0.72,0.996,0.312,0.3841,0.3021,0.1965,0.728,0.9342,0.4044,0.3212,0.0646,0.0312,0.424,0.5991,0.3012,0.2441
par99,0.004,0.0081,0,0,0.004,0.0089,0.000492,0.0011,0,0,0,0,0.000866,0.0019,0,0,0.0112,0.025,0.00057,0.0013,0,0,0.0004,0.000894,0.000723,0.0016,0,0,0,0,0.000437,0.000978,0,0,0,0,0.000515,0.0012,0,0,0,0,0.000186,0.000417,0,0,0.004,0.0089,0.00067,0.0015,0.004,0.0089,0.0004,0.000894,0.000121,0.00027,0,0,0.0008,0.0018
par100,0.5791,0.7652,1,1.5748,0.1904,0.4257,0.9142,1.3578,1.12,1.993,0.376,0.5874,0.4232,0.6058,0.448,0.8942,0.1548,0.3461,0.3168,0.4337,0.08,0.1789,0.0844,0.1887,0.3533,0.5725,0.56,0.7668,0.208,0.4651,0.2034,0.4206,0.32,0.6099,0.1988,0.4367,0.3014,0.6255,0.4,0.7874,0.256,0.5724,0.2742,0.5737,0.28,0.6261,0.208,0.4651,0.1586,0.3498,0.184,0.4114,0.1216,0.2719,0.1174,0.2625,0.24,0.5367,0.1084,0.2424
par101,0.5966,0.2757,0.476,0.3858,0.8796,0.1666,0.6145,0.4214,1.04,0.3847,0.644,0.3468,0.6169,0.2296,0.98,0.5346,0.6092,0.3244,0.3789,0.1989,0.792,0.7102,0.4,0.1769,0.5392,0.4056,0.92,0.6261,0.4388,0.3478,0.396,0.2245,0.8,0.4,0.5224,0.272,0.4738,0.3963,0.94,0.6148,0.312,0.2472,0.4003,0.3982,0.72,0.4817,0.756,0.2766,0.4513,0.0986,1.136,0.2707,0.5476,0.2752,0.3796,0.1113,0.4,0.4,0.476,0.185
par102,0.3839,0.6825,0.32,0.7155,0.3964,0.6232,0.8699,1.2554,0.64,0.9209,0.636,0.8723,0.8463,1.2553,1.408,2.4855,0.326,0.4758,0.5032,0.8211,0.56,0.7127,0.6244,0.8232,0.8783,1.4886,1.64,2.6169,0.668,1.0053,0.7918,1.2558,1.32,2.1707,0.128,0.2862,1.2908,1.8666,1.72,2.5282,0.88,1.2133,1.3334,1.8744,2.32,3.2268,0.4,0.8833,0.6513,0.9636,1.28,2.2521,0.0736,0.1646,0.353,0.5444,0.4,0.6928,0.0056,0.0125
par103,0,0,0,0,0,0,0,0,0,0,0,0,0,0,0,0,0,0,0,0,0,0,0,0,0,0,0,0,0,0,0,0,0,0,0,0,0,0,0,0,0,0,0,0,0,0,0,0,0,0,0,0,0,0,0,0,0,0,0,0
par104,0.5378,0.3922,0.796,0.506,0.5504,0.4095,0.2082,0.1572,0.44,0.3578,0.28,0.3262,0.2314,0.1646,0.136,0.1717,0.5068,0.3776,0.436,0.3569,0.736,0.6932,0.6924,0.4947,0.2769,0.2155,0.36,0.2608,0.3632,0.2673,0.103,0.0805,0.12,0.1789,0.2828,0.1911,0.3104,0.2585,0.508,0.3979,0.14,0.1625,0.0104,0.0055,0.2,0.2449,0.144,0.1486,0.3298,0.2447,0.26,0.32,0.5124,0.4325,0.4135,0.3428,0.76,0.555,0.2884,0.2723
par105,0,0,0,0,0,0,0,0,0,0,0,0,0,0,0,0,0,0,0,0,0,0,0,0,0,0,0,0,0,0,0,0,0,0,0,0,5.48E-05,0.000123,0,0,0,0,0.000121,0.00027,0,0,0,0,2.19E-06,4.90E-06,0,0,0,0,0,0,0,0,0,0
par106,1.1221,2.041,1.368,2.2568,1.056,1.8624,1.1965,2.0636,1.32,2.3392,1.124,2.0664,0.9936,1.7236,1.276,2.032,0.6416,1.3151,0.5295,0.7618,0.804,1.2728,0.684,1.235,0.8732,0.936,1.8,2.1354,0.412,0.441,0.787,0.8168,1.4,1.5684,0.128,0.2862,1.2928,1.2974,1.92,1.8687,1.1,1.2109,1.3493,1.3519,2.08,2.2118,0.232,0.3489,0.6284,0.5872,1.104,1.0106,0.06,0.1342,0.2985,0.2812,0.32,0.4147,0.104,0.2326
par107,1.437,1.3186,1.78,1.5106,1.5272,1.0038,1.423,1.2102,1.36,1.2522,1.152,1.3429,1.2528,1.1704,1.784,1.2541,1.3712,0.7293,0.8987,0.6701,0.92,0.7563,0.8964,0.6909,1.3382,1.106,2.12,1.494,1.496,1.0422,1.1735,0.8297,2.2,0.9055,1.3036,0.9402,1.5375,1.3349,2.156,1.1754,1.36,1.0179,1.4269,1.2753,1.8,1.2728,1.924,1.0739,1.1828,0.9079,1.696,1.2451,1.4572,0.5436,0.7101,0.6852,0.88,0.7294,1.1448,0.5086
par108,0.171,0.3823,0.296,0.6619,0.104,0.2326,0.2568,0.5742,0.64,1.4311,0.16,0.3578,0.0797,0.1782,0.444,0.9928,0,0,0.0016,0.0035,0.016,0.0358,0,0,0.0131,0.0228,0.04,0.0894,0,0,0.1373,0.1892,0.2,0.4472,0,0,0.5226,0.7203,0.972,1.524,0.412,0.5834,0.6977,1.0857,1.4,2.0688,0.06,0.1342,0.1116,0.1994,0.616,1.258,0,0,0,0,0,0,0,0
par109,0,0,0,0,0,0,0,0,0,0,0,0,0,0,0,0,0,0,0,0,0,0,0,0,0.0088,0.0196,0.04,0.0894,0,0,0,0,0,0,0,0,0.0019,0.0042,0.008,0.0179,0,0,0.0036,0.0081,0,0,0,0,0.000132,0.000294,0,0,0,0,0.000132,0.000294,0,0,0,0
par110,0.9066,0.812,1.324,1.2469,0.5744,0.49,0.3026,0.3169,0.348,0.3369,0.272,0.2373,0.3382,0.3111,0.268,0.252,0.5564,0.5344,0.257,0.22,1.072,0.9949,0.9496,0.9133,0.348,0.3539,1.44,1.417,0.3924,0.3879,0.8553,1.1622,2.68,3.9385,0.3312,0.4862,0.2579,0.2958,0.84,1.1239,1.176,1.5446,0.2325,0.326,0.96,1.8188,0.464,0.6575,0.8014,0.6731,0.764,0.6849,0.6383,0.5984,0.3005,0.3331,0.988,0.8537,0.118,0.1239
par111,0,0,0,0,0,0,0.000393,0.00088,0,0,0,0,0.00011,0.000245,0,0,0,0,0.0208,0.0465,0,0,0,0,0.0196,0.0437,0.12,0.2683,0,0,0.0147,0.0328,0.4,0.8944,0,0,0.01,0.0224,0.24,0.5367,0.02,0.0447,0.0246,0.055,0.16,0.3578,0,0,0.000482,0.0011,0,0,0,0,0,0,0,0,0,0
par112,0.7226,0.991,1.16,1.6273,0.256,0.4979,1.4113,2.0083,1.28,1.8033,0.636,0.8723,0.6258,0.8693,1.792,2.5576,0.016,0.0358,0.4902,0.6634,0.36,0.805,0.3608,0.8068,0.9863,1.2925,2.24,3.223,0.3396,0.4775,1.5505,1.6485,2.6,3.3793,0.4908,0.7256,1.837,1.851,2.844,2.6761,1.516,1.9461,1.4473,1.831,2.24,2.8121,0.4396,0.8337,0.4279,0.624,1.52,2.0193,0.0028,0.0063,0.1217,0.2495,0.24,0.5367,0,0
par113,0.7671,0.5944,0.888,0.5956,0.7308,0.5604,1.2705,1.3595,1.24,1.161,1.644,1.7075,1.1403,0.6628,1.144,0.9173,0.782,0.4757,0.5868,0.8134,0.84,0.6986,0.4816,0.29,0.9541,0.9313,2.28,0.9859,1.0648,0.6935,0.9213,0.5906,2.6,2.5495,1.1748,1.1374,0.7501,0.6711,1.624,0.9332,0.964,0.7916,0.5498,0.4632,1.36,1.0714,2.6056,1.2602,0.5867,0.3018,0.704,0.4601,0.458,0.293,0.7407,0.6123,0.52,0.5215,0.7893,0.6492
par114,0.0314,0.0313,0.012,0.0268,0.0916,0.1221,0.0498,0.0643,0.048,0.0867,0.04,0.049,0.0334,0.0318,0.016,0.0261,0.0724,0.1132,0.1201,0.193,0,0,0.0704,0.1011,0.394,0.7959,0.4,0.8944,0.3268,0.6451,0.4327,0.8622,0.56,1.1437,0.2504,0.5422,0.7964,1.6702,0.928,2.0751,0.764,1.5636,1.1779,2.5035,1.08,2.3048,0.9984,2.1254,1.0235,2.1936,1.656,3.5915,0.496,1.0483,0.7779,1.5874,1.012,2.0466,0.2112,0.3912
par115,0,0,0,0,0,0,0,0,0,0,0,0,0,0,0,0,0,0,0,0,0,0,0,0,0,0,0,0,0,0,0,0,0,0,0,0,0,0,0,0,0,0,0,0,0,0,0,0,0,0,0,0,0,0,0,0,0,0,0,0
par116,2.7183,1.6143,3.636,2.4723,2.2312,1.6046,0.6746,0.5755,1.324,0.8252,1.276,1.2505,1.0741,0.7026,1.168,0.6509,2.4968,1.9643,1.0689,0.5255,3.752,1.7741,3.2176,1.6941,1.2923,0.6329,1.96,1.9769,2.02,1.3195,0.2857,0.1274,0.32,0.1095,1.5692,1.2961,1.295,0.6245,3.208,0.6036,2.172,1.6354,0.5973,1.0035,1.6,1.2083,1.032,1.143,1.7193,0.6757,1.532,1.3813,2.6834,1.3806,1.1227,0.4575,2.364,0.5536,0.852,0.4866
par117,0.0307,0.0403,0.76,1.0621,0.0576,0.1033,0.0092,0.0107,0.592,1.0682,0.248,0.3568,0.0171,0.0284,0.236,0.3204,0.0212,0.0337,0.0117,0.0184,0.08,0.1386,0.0084,0.0106,0.0133,0.0191,0.12,0.1789,0.0172,0.0352,0.0184,0.0279,0.24,0.4336,0.0656,0.1313,0.0019,0.0025,0.176,0.2475,0.076,0.1374,0.0134,0.0204,0.2,0.2828,0.1244,0.2139,0.029,0.042,0.284,0.3822,0.0324,0.0377,0.0039,0.0069,0.332,0.4991,0.0048,0.0067
par118,2.9448,3.0468,3.116,3.4254,0.4632,0.9804,3.0992,3.8843,4.636,5.093,1.876,2.3725,2.1295,2.9204,6.48,6.3797,0.2232,0.4846,1.162,2.2222,2.048,3.3881,1.7464,3.4249,1.7858,3.221,3.48,5.2223,1.2328,1.9943,1.5433,2.7566,1.68,3.6458,0.806,1.7579,2.5029,4.1967,4.224,6.0712,2.192,3.8941,2.7816,4.334,4.84,6.7534,0.688,1.5273,1.4632,2.3593,4.808,6.3611,0.1196,0.2586,0.6144,1.3148,1.16,2.4835,0.008,0.0179
par119,6.0037,4.3769,6.908,4.5473,5.5356,3.7181,4.8501,4.6121,4.884,3.8664,5.044,4.2102,5.3349,4.2317,6.424,4.5054,4.9732,3.4119,3.6242,3.1075,4.016,3.4706,3.9048,3.1291,4.4355,3.7958,4.8,3.891,4.3436,3.1554,3.7878,3.2508,3.44,3.2784,4.0556,3.4395,4.8795,4.395,5.372,3.0366,4.664,3.6096,4.3809,3.9099,5.16,2.9813,6.108,3.6545,3.9947,2.8151,3.224,3.2402,4.1624,3.1542,2.7132,1.988,2.484,1.708,3.2544,2.942
par120,0,0,0,0,0,0,0,0,0,0,0,0,0,0,0,0,0,0,0,0,0,0,0,0,0,0,0,0,0,0,0,0,0,0,0,0,0,0,0,0,0,0,0,0,0,0,0,0,0,0,0,0,0,0,0,0,0,0,0,0
par121,0,0,0,0,0,0,0,0,0,0,0,0,0,0,0,0,0,0,0,0,0,0,0,0,0,0,0,0,0,0,0,0,0,0,0,0,0,0,0,0,0,0,0,0,0,0,0,0,0,0,0,0,0,0,0,0,0,0,0,0
par122,0,0,0,0,0,0,0,0,0,0,0,0,0,0,0,0,0,0,0,0,0,0,0,0,0,0,0,0,0,0,0,0,0,0,0,0,0,0,0,0,0,0,0,0,0,0,0,0,0,0,0,0,0,0,0,0,0,0,0,0
par123,0,0,0,0,0,0,0,0,0,0,0,0,0,0,0,0,0,0,0,0,0,0,0,0,0,0,0,0,0,0,0,0,0,0,0,0,0,0,0,0,0,0,0,0,0,0,0,0,0,0,0,0,0,0,0,0,0,0,0,0
par124,0,0,0,0,0,0,0,0,0,0,0,0,0,0,0,0,0,0,0,0,0,0,0,0,0,0,0,0,0,0,0,0,0,0,0,0,0,0,0,0,0,0,0,0,0,0,0,0,0,0,0,0,0,0,0,0,0,0,0,0
par125,0,0,0,0,0,0,0,0,0,0,0,0,0,0,0,0,0,0,0,0,0,0,0,0,0,0,0,0,0,0,0,0,0,0,0,0,0,0,0,0,0,0,0,0,0,0,0,0,0,0,0,0,0,0,0,0,0,0,0,0
par126,0,0,0,0,0,0,0,0,0,0,0,0,0,0,0,0,0,0,0,0,0,0,0,0,0,0,0,0,0,0,0,0,0,0,0,0,0,0,0,0,0,0,0,0,0,0,0,0,0,0,0,0,0,0,0,0,0,0,0,0
par127,0,0,0,0,0,0,0,0,0,0,0,0,0,0,0,0,0,0,0,0,0,0,0,0,0,0,0,0,0,0,0,0,0,0,0,0,0,0,0,0,0,0,0,0,0,0,0,0,0,0,0,0,0,0,0,0,0,0,0,0
par128,0,0,0,0,0,0,0,0,0,0,0,0,0,0,0,0,0,0,0,0,0,0,0,0,0,0,0,0,0,0,0,0,0,0,0,0,0,0,0,0,0,0,0,0,0,0,0,0,0,0,0,0,0,0,0,0,0,0,0,0
par129,0,0,0,0,0,0,0,0,0,0,0,0,0,0,0,0,0,0,0,0,0,0,0,0,0,0,0,0,0,0,0,0,0,0,0,0,0,0,0,0,0,0,0,0,0,0,0,0,0,0,0,0,0,0,0,0,0,0,0,0
par130,0,0,0,0,0,0,0,0,0,0,0,0,0,0,0,0,0,0,0,0,0,0,0,0,0,0,0,0,0,0,0,0,0,0,0,0,0,0,0,0,0,0,0,0,0,0,0,0,0,0,0,0,0,0,0,0,0,0,0,0
par131,0,0,0,0,0,0,0,0,0,0,0,0,0,0,0,0,0,0,0,0,0,0,0,0,0,0,0,0,0,0,0,0,0,0,0,0,0,0,0,0,0,0,0,0,0,0,0,0,0,0,0,0,0,0,0,0,0,0,0,0
par132,0,0,0,0,0,0,0,0,0,0,0,0,0,0,0,0,0,0,0,0,0,0,0,0,0,0,0,0,0,0,0,0,0,0,0,0,0,0,0,0,0,0,0,0,0,0,0,0,0,0,0,0,0,0,0,0,0,0,0,0
par133,0,0,0,0,0,0,0,0,0,0,0,0,0,0,0,0,0,0,0,0,0,0,0,0,0,0,0,0,0,0,0,0,0,0,0,0,0,0,0,0,0,0,0,0,0,0,0,0,0,0,0,0,0,0,0,0,0,0,0,0
par134,0,0,0,0,0,0,0,0,0,0,0,0,0,0,0,0,0,0,0,0,0,0,0,0,0,0,0,0,0,0,0,0,0,0,0,0,0,0,0,0,0,0,0,0,0,0,0,0,0,0,0,0,0,0,0,0,0,0,0,0
par135,0,0,0,0,0,0,0,0,0,0,0,0,0,0,0,0,0,0,0,0,0,0,0,0,0,0,0,0,0,0,0,0,0,0,0,0,0,0,0,0,0,0,0,0,0,0,0,0,0,0,0,0,0,0,0,0,0,0,0,0
par136,0,0,0,0,0,0,0,0,0,0,0,0,0,0,0,0,0,0,0,0,0,0,0,0,0,0,0,0,0,0,0,0,0,0,0,0,0,0,0,0,0,0,0,0,0,0,0,0,0,0,0,0,0,0,0,0,0,0,0,0
par137,0,0,0,0,0,0,0,0,0,0,0,0,0,0,0,0,0,0,0,0,0,0,0,0,0,0,0,0,0,0,0,0,0,0,0,0,0,0,0,0,0,0,0,0,0,0,0,0,0,0,0,0,0,0,0,0,0,0,0,0
par138,0,0,0,0,0,0,0,0,0,0,0,0,0,0,0,0,0,0,0,0,0,0,0,0,0,0,0,0,0,0,0,0,0,0,0,0,0,0,0,0,0,0,0,0,0,0,0,0,0,0,0,0,0,0,0,0,0,0,0,0
par139,0,0,0,0,0,0,0,0,0,0,0,0,0,0,0,0,0,0,0,0,0,0,0,0,0,0,0,0,0,0,0,0,0,0,0,0,0,0,0,0,0,0,0,0,0,0,0,0,0,0,0,0,0,0,0,0,0,0,0,0
par140,0,0,0,0,0,0,0,0,0,0,0,0,0,0,0,0,0,0,0,0,0,0,0,0,0,0,0,0,0,0,0,0,0,0,0,0,0,0,0,0,0,0,0,0,0,0,0,0,0,0,0,0,0,0,0,0,0,0,0,0
par141,0,0,0,0,0,0,0,0,0,0,0,0,0,0,0,0,0,0,0,0,0,0,0,0,0,0,0,0,0,0,0,0,0,0,0,0,0,0,0,0,0,0,0,0,0,0,0,0,0,0,0,0,0,0,0,0,0,0,0,0
par142,0,0,0,0,0,0,0,0,0,0,0,0,0,0,0,0,0,0,0,0,0,0,0,0,0,0,0,0,0,0,0,0,0,0,0,0,0,0,0,0,0,0,0,0,0,0,0,0,0,0,0,0,0,0,0,0,0,0,0,0
par143,0,0,0,0,0,0,0,0,0,0,0,0,0,0,0,0,0,0,0,0,0,0,0,0,0,0,0,0,0,0,0,0,0,0,0,0,0,0,0,0,0,0,0,0,0,0,0,0,0,0,0,0,0,0,0,0,0,0,0,0
par144,0,0,0,0,0,0,0,0,0,0,0,0,0,0,0,0,0,0,0,0,0,0,0,0,0,0,0,0,0,0,0,0,0,0,0,0,0,0,0,0,0,0,0,0,0,0,0,0,0,0,0,0,0,0,0,0,0,0,0,0
par145,0,0,0,0,0,0,0,0,0,0,0,0,0,0,0,0,0,0,0,0,0,0,0,0,0,0,0,0,0,0,0,0,0,0,0,0,0,0,0,0,0,0,0,0,0,0,0,0,0,0,0,0,0,0,0,0,0,0,0,0
par146,0,0,0,0,0,0,0,0,0,0,0,0,0,0,0,0,0,0,0,0,0,0,0,0,0,0,0,0,0,0,0,0,0,0,0,0,0,0,0,0,0,0,0,0,0,0,0,0,0,0,0,0,0,0,0,0,0,0,0,0
par147,0,0,0,0,0,0,0,0,0,0,0,0,0,0,0,0,0,0,0,0,0,0,0,0,0,0,0,0,0,0,0,0,0,0,0,0,0,0,0,0,0,0,0,0,0,0,0,0,0,0,0,0,0,0,0,0,0,0,0,0
par148,0,0,0,0,0,0,0,0,0,0,0,0,0,0,0,0,0,0,0,0,0,0,0,0,0,0,0,0,0,0,0,0,0,0,0,0,0,0,0,0,0,0,0,0,0,0,0,0,0,0,0,0,0,0,0,0,0,0,0,0
par149,0,0,0,0,0,0,0,0,0,0,0,0,0,0,0,0,0,0,0,0,0,0,0,0,0,0,0,0,0,0,0,0,0,0,0,0,0,0,0,0,0,0,0,0,0,0,0,0,0,0,0,0,0,0,0,0,0,0,0,0
par150,0,0,0,0,0,0,0,0,0,0,0,0,0,0,0,0,0,0,0,0,0,0,0,0,0,0,0,0,0,0,0,0,0,0,0,0,0,0,0,0,0,0,0,0,0,0,0,0,0,0,0,0,0,0,0,0,0,0,0,0
par151,0,0,0,0,0,0,0,0,0,0,0,0,0,0,0,0,0,0,0,0,0,0,0,0,0,0,0,0,0,0,0,0,0,0,0,0,0,0,0,0,0,0,0,0,0,0,0,0,0,0,0,0,0,0,0,0,0,0,0,0
par152,0,0,0,0,0,0,0,0,0,0,0,0,0,0,0,0,0,0,0,0,0,0,0,0,0,0,0,0,0,0,0,0,0,0,0,0,0,0,0,0,0,0,0,0,0,0,0,0,0,0,0,0,0,0,0,0,0,0,0,0
par153,0,0,0,0,0,0,0,0,0,0,0,0,0,0,0,0,0,0,0,0,0,0,0,0,0,0,0,0,0,0,0,0,0,0,0,0,0,0,0,0,0,0,0,0,0,0,0,0,0,0,0,0,0,0,0,0,0,0,0,0
par154,0,0,0,0,0,0,0,0,0,0,0,0,0,0,0,0,0,0,0,0,0,0,0,0,0,0,0,0,0,0,0,0,0,0,0,0,0,0,0,0,0,0,0,0,0,0,0,0,0,0,0,0,0,0,0,0,0,0,0,0
par155,0,0,0,0,0,0,0,0,0,0,0,0,0,0,0,0,0,0,0,0,0,0,0,0,0,0,0,0,0,0,0,0,0,0,0,0,0,0,0,0,0,0,0,0,0,0,0,0,0,0,0,0,0,0,0,0,0,0,0,0
par156,0,0,0,0,0,0,0,0,0,0,0,0,0,0,0,0,0,0,0,0,0,0,0,0,0,0,0,0,0,0,0,0,0,0,0,0,0,0,0,0,0,0,0,0,0,0,0,0,0,0,0,0,0,0,0,0,0,0,0,0
par157,1.1885,0.2544,3.636,0.9912,0.1592,0.1539,1.9624,0.4892,1.872,1.1823,1.3,1.1506,0.4097,0.1931,0.848,0.33,0.0864,0.0951,2.1334,0.6476,1.016,0.8563,0.628,0.6448,1.018,0.0913,1.28,0.8319,0.24,0.1311,1.6331,0.4061,5.92,1.7297,0.1436,0.0995,1.4025,0.238,0.8,0.2362,0.472,0.4536,1.5237,0.3207,2,0.5831,0.52,0.2518,0.5158,0.1317,2.188,0.957,0.14,0.125,1.1596,0.3486,1.436,0.6652,0.1416,0.092
par158,0.0951,0.0346,0.168,0.2124,0.0292,0.0395,0.2216,0.0722,0.36,0.2608,0.068,0.1308,0.0244,0.0416,0.048,0.0856,0.006,0.0075,0.203,0.0398,0.16,0.2608,0.076,0.1043,0.0342,0.0567,0.08,0.1095,0.0272,0.0422,0.1764,0.0589,0.72,1.064,0.0932,0.0835,0.0546,0.0565,0.084,0.1769,0.104,0.109,0.1309,0.0601,0.08,0.1095,0.04,0.051,0.0862,0.0273,0.444,0.3348,0.0048,0.0033,0.0485,0.0375,0.2,0.2449,0.0064,0.0082
par159,0.0119,0.0107,0.012,0.0179,0.06,0.0678,0.0044,0.0051,0.144,0.2571,0.036,0.0297,0.0205,0.0144,0.084,0.0899,0.0016,0.0036,0.0045,0.0083,0.004,0.0089,0.0068,0.0084,0.0154,0.009,0,0,0.0084,0.0106,0.0021,0.0021,0.04,0.0894,0.004,0.0089,0.0246,0.0206,0.168,0.1641,0.076,0.126,0.0066,0.0077,0,0,0.064,0.041,0.0084,0.0089,0.072,0.1188,0.0008,0.0011,0.0031,0.0048,0.084,0.0921,0.0764,0.0789
par160,1.0073,0.2959,2.896,1.2256,0.0984,0.0976,1.5962,0.3967,0.816,0.7275,0.52,0.4094,0.5105,0.2941,1.172,1.2871,0.0676,0.1127,1.7674,0.6157,0.44,0.498,0.138,0.1756,0.9521,0.1699,1.64,1.1082,0.224,0.2718,1.3345,0.4061,4.72,2.2477,0.1376,0.1456,1.3534,0.1958,0.912,0.4401,0.352,0.2671,1.2691,0.198,1.32,1.0257,0.356,0.2484,0.4073,0.1431,1.536,1.0115,0.0668,0.0814,0.9622,0.3694,1.416,1.0321,0.1544,0.0953
par161,0.1181,0.037,0.432,0.3303,0.0012,0.0018,0.1817,0.0594,0.52,0.6261,0.084,0.1389,0.0151,0.0251,0.02,0.0245,0.0236,0.0528,0.1763,0.0412,0.212,0.1635,0.0144,0.026,0.0281,0.0361,0,0,0.0612,0.0737,0.117,0.0442,0.4,0.2828,0.076,0.0713,0.0431,0.0214,0,0,0.044,0.0434,0.1348,0.0362,0.08,0.1095,0.016,0.0261,0.0586,0.0136,0.156,0.2247,0.0488,0.0927,0.0759,0.028,0.24,0.3286,0.0196,0.0416
par162,0.0033,0.0036,0.044,0.0876,0.0064,0.0092,0.009,0.0075,0.048,0.0867,0.008,0.011,0.005,0.0041,0.024,0.0537,0.026,0.0559,0.0073,0.0067,0.004,0.0089,0.0124,0.0176,0.0034,0.0032,0,0,0.024,0.0537,0.0077,0.0083,0.12,0.2683,0.032,0.061,0.000942,0.000712,0.008,0.0179,0.06,0.1233,0.0023,0.0021,0.08,0.1789,0.004,0.0089,0.002,0.0014,0.024,0.0537,0.0004,0.000894,0.0038,0.003,0.072,0.0996,0.0012,0.0011
par163,1.6664,0.6278,6.632,3.9137,0.15,0.1209,2.5462,0.9396,2.04,1.7111,1.484,1.2029,0.7872,0.24,1.444,0.2602,0.1672,0.1896,3.1496,1.1917,0.832,1.0184,0.7496,0.7648,1.5481,0.2631,1.04,0.9737,0.7868,0.5776,2.7066,0.8775,9.04,3.2508,1.1496,0.4293,2.3323,0.4785,1.42,0.7887,0.532,0.3399,1.9213,0.6346,2.64,2.0219,0.528,0.4828,1.2601,0.3739,3.592,2.5267,0.6612,0.2878,1.5225,0.6041,4.532,3.6015,0.2368,0.1531
par164,0.2866,0.0676,1.16,0.7668,0.0744,0.0976,0.3966,0.0975,0.188,0.1439,0.164,0.1053,0.0841,0.1129,0.08,0.097,0.0424,0.0728,0.3591,0.059,0.384,0.3651,0.1464,0.1576,0.1124,0.11,0.16,0.0894,0.1328,0.1306,0.3049,0.0832,1.16,0.6542,0.168,0.1641,0.1706,0.0665,0.188,0.1439,0.112,0.082,0.2522,0.1016,0,0,0.224,0.3812,0.2455,0.0752,0.84,0.4162,0.1474,0.0695,0.2047,0.0683,0.832,0.6702,0.0592,0.0455
par165,0.0082,0.0081,0.148,0.1831,0.0544,0.1041,0.0132,0.0129,0.048,0.0867,0.076,0.0942,0.0176,0.0159,0.008,0.0179,0.0056,0.0077,0.0227,0.017,0.004,0.0089,0.0108,0.0102,0.013,0.0123,0.04,0.0894,0.026,0.0261,0.0165,0.0128,0.12,0.1789,0.0212,0.0246,0.0128,0.0117,0.012,0.0179,0.084,0.1203,0.0034,0.0045,0,0,0.02,0.02,0.003,0.0017,0.124,0.178,0.0192,0.0343,0.0073,0.0072,0.116,0.1499,0.0156,0.0215
par166,0.6859,0.0867,2.364,0.5987,0.1008,0.0841,1.4443,0.2294,0.968,0.741,0.804,0.3223,0.3721,0.2072,0.76,0.314,0.0916,0.0918,1.5219,0.2336,0.392,0.3038,0.3052,0.4944,0.76,0.1896,0.68,0.2683,0.2348,0.1098,1.3337,0.151,3.32,0.7294,0.482,0.1494,1.0023,0.1334,0.568,0.556,0.232,0.1439,1.1377,0.1181,1.08,0.923,0.232,0.2033,0.4221,0.1349,1.24,0.6389,0.1612,0.1119,0.7155,0.1555,1.156,0.8658,0.114,0.099
par167,0.1252,0.0449,0.48,0.4147,0.054,0.1043,0.2145,0.0678,0.16,0.1673,0.176,0.0684,0.0186,0.0309,0.032,0.0502,0.0148,0.0254,0.1851,0.0491,0.16,0.2191,0.0176,0.0145,0.0377,0.0364,0,0,0.0368,0.0247,0.095,0.0284,0.2,0.1414,0.0492,0.025,0.0172,0.0175,0,0,0.032,0.039,0.1293,0.0435,0.12,0.1789,0.06,0.0787,0.0493,0.0336,0.2,0.151,0.0804,0.1049,0.1071,0.0283,0.28,0.3033,0.0452,0.0564
par168,0.0085,0.0113,0.16,0.2608,0.056,0.0329,0.0229,0.0192,0.04,0.0894,0.08,0.086,0.0348,0.0293,0.044,0.0876,0.0332,0.031,0.0285,0.0217,0.004,0.0089,0.0368,0.0487,0.0222,0.0212,0.12,0.1789,0.016,0.0089,0.0165,0.0123,0.24,0.2608,0.016,0.0261,0.0078,0.0116,0.044,0.0876,0.032,0.0228,0.0108,0.0083,0.12,0.1095,0.024,0.0261,0.0158,0.0193,0.084,0.1431,0.0228,0.0262,0.0064,0.0044,0,0,0.0572,0.0629
par169,0.192,0.0454,0.872,0.4006,0.0124,0.0187,0.4805,0.1517,0.316,0.236,0.188,0.1308,0.0954,0.056,0.32,0.0927,0.018,0.0147,0.5305,0.1704,0.156,0.241,0.2984,0.5389,0.2086,0.0384,0.28,0.1789,0.0808,0.069,0.4134,0.1152,1.56,0.4775,0.0716,0.0716,0.392,0.0972,0.344,0.236,0.236,0.2251,0.4007,0.097,0.6,0.2449,0.132,0.1566,0.1224,0.0509,0.36,0.3079,0.0612,0.0583,0.3298,0.1425,0.444,0.3869,0.0688,0.0624
par170,0.0223,0.0125,0.06,0.0825,0.0088,0.0175,0.0522,0.0152,0,0,0.056,0.1144,0.0073,0.0139,0.044,0.0984,0.0024,0.0036,0.0559,0.0133,0.04,0.0894,0.0344,0.0572,0.0088,0.0173,0.04,0.0894,0.0092,0.0174,0.017,0.0102,0.04,0.0894,0.0404,0.0506,0.0028,0.0038,0.04,0.0894,0,0,0.0333,0.0122,0.04,0.0894,0.016,0.0358,0.0095,0.0195,0.06,0.1122,0.0096,0.0204,0.0289,0.0124,0.132,0.123,0.0016,0.0017
par171,0.0033,0.0045,0.008,0.0179,0.008,0.011,0.0061,0.0064,0.096,0.2147,0.072,0.1026,0.0106,0.0103,0.004,0.0089,0.0072,0.015,0.0081,0.0077,0.004,0.0089,0.0068,0.0079,0.0094,0.01,0,0,0.012,0.011,0.0041,0.0035,0.08,0.1789,0.008,0.0179,0.0026,0.0029,0.008,0.0179,0.012,0.0179,0.0028,0.0028,0.12,0.1789,0.012,0.0268,0.0055,0.0065,0.044,0.0876,0.004,0.0057,0.0032,0.0033,0.048,0.0867,0.002,0.0024
par172,2.7676,0.7739,7.94,2.3184,1.0344,0.4918,4.4592,1.0785,3.912,1.5933,5.476,3.4699,1.6814,0.4708,3.632,1.2641,0.7988,0.4886,5.2469,1.0635,2,1.2083,0.7116,0.5535,2.5402,0.5592,2.68,1.2617,1.48,0.7125,4.3338,0.9109,16.08,2.9516,1.56,0.8211,4.1464,0.8141,3.6,1.5556,1.96,0.7487,4.4428,0.9799,6.56,1.6935,1.856,1.0851,1.5662,0.4763,4.26,0.8681,0.794,0.4771,2.715,0.952,4.192,2.22,1.0936,0.687
par173,0.3176,0.1292,0.56,0.2843,0.146,0.1165,0.559,0.238,1.104,0.8112,0.968,0.858,0.0939,0.0817,0.136,0.0865,0.0244,0.0234,0.4047,0.163,0.136,0.2718,0.3192,0.5979,0.1007,0.0815,0.2,0.1414,0.1328,0.1718,0.2011,0.1228,0.36,0.2608,0.1084,0.1125,0.0942,0.055,0.244,0.2563,0.064,0.0219,0.4131,0.2178,0.2,0.3464,0.076,0.0754,0.109,0.0613,0.288,0.1221,0.0784,0.0748,0.3016,0.1903,0.344,0.3401,0.084,0.1226
par174,0.0316,0.0272,0.004,0.0089,0.164,0.1004,0.0608,0.0692,0.044,0.0876,0.208,0.2008,0.0547,0.0089,0.08,0.0735,0.1128,0.1407,0.0473,0.0521,0.044,0.0876,0.1392,0.202,0.0827,0.0333,0.2,0.2449,0.104,0.1014,0.038,0.0288,0.16,0.1673,0.112,0.0716,0.083,0.0423,0.124,0.1757,0.048,0.0502,0.0404,0.0226,0.04,0.0894,0.144,0.1819,0.0477,0.0302,0.096,0.1396,0.0908,0.1398,0.026,0.0099,0.04,0.0894,0.0508,0.0337
par175,0.7057,0.2801,3.496,2.4203,0.462,0.2566,0.81,0.2863,1,0.9695,0.472,0.1879,0.7106,0.2812,0.66,0.6518,0.1332,0.1734,1.2328,0.5031,2.784,5.1638,0.45,0.3564,1.1814,0.8767,2.32,1.6285,0.5652,0.5378,1.1431,0.4665,4.76,2.707,0.5196,0.4969,1.086,0.3528,1.684,1.165,0.808,0.5392,1.0102,0.3768,1.32,1.747,0.54,0.4027,0.6803,0.1978,0.64,0.4942,0.0976,0.0658,0.6118,0.1617,3,1.8055,0.194,0.2503
par176,0.0703,0.0418,0.312,0.2184,0.0516,0.0534,0.0771,0.0321,0.008,0.0179,0.116,0.0865,0.0533,0.0253,0.104,0.1658,0.028,0.0415,0.0629,0.0442,0.02,0.0283,0.0132,0.0171,0.0383,0.0193,0.2,0.2,0.0532,0.0947,0.0199,0.0125,0.28,0.1095,0.0052,0.0087,0.0123,0.0094,0,0,0.008,0.011,0.0548,0.045,0.16,0.3578,0.008,0.011,0.0639,0.0455,0.128,0.1579,0.0288,0.0337,0.0604,0.0235,0.352,0.3893,0.0628,0.0726
par177,0.0032,0.0029,0.084,0.1062,0.0112,0.0153,0.0076,0.005,0,0,0.008,0.0179,0.004,0.0039,0.016,0.0167,0.004,0.0047,0.0117,0.0085,0.004,0.0089,0.004,0.0089,0.0052,0.0031,0.04,0.0894,0.0048,0.0087,0.0068,0.0081,0.2,0.2,0.0008,0.0018,0.008,0.0106,0.084,0.1769,0,0,0.0051,0.0059,0,0,0.004,0.0089,0.0054,0.0054,0.06,0.1233,0.004,0.0057,0.0034,0.0019,0.044,0.0876,0.0028,0.0052
par178,1.6349,0.4498,7.86,8.8851,1.1068,0.8435,1.7975,0.4393,4.084,3.6465,1.188,0.6146,1.4424,0.6323,1.86,1.0727,0.9368,0.8128,2.1183,0.5931,7.852,14.362,0.6764,0.4629,1.763,0.7305,3.84,1.8836,1.2688,0.934,2.2129,0.5904,7.32,7.1086,1.4156,0.774,2.1777,0.6813,2.268,1.3383,1.776,1.0376,2.0771,0.7287,4.36,3.7481,1.62,0.8578,1.5173,0.6175,4.692,3.458,0.936,0.7692,1.5431,0.4682,7.56,7.0163,1.1502,0.9337
par179,0.1533,0.1049,0.412,0.561,0.052,0.0374,0.1432,0.0688,0.56,0.6986,0.168,0.1308,0.0687,0.0515,0.088,0.0912,0.0296,0.0187,0.1579,0.0615,2.56,2.3933,0.0412,0.0466,0.0729,0.0711,0.24,0.1673,0.014,0.0089,0.0787,0.0507,0.44,0.6693,0.0276,0.0522,0.0402,0.0505,0.084,0.1062,0.052,0.0844,0.1283,0.1023,1.56,3.4883,0.016,0.0261,0.126,0.0874,1.008,1.2333,0.0576,0.025,0.1505,0.0603,1.548,1.368,0.1168,0.0697
par180,0.0098,0.0126,0.1,0.0938,0.092,0.111,0.0375,0.0254,0.008,0.0179,0.096,0.0974,0.0224,0.0208,0.132,0.2516,0.0888,0.0951,0.0456,0.0298,0.188,0.2464,0.0572,0.106,0.0137,0.0107,0.04,0.0894,0.032,0.0303,0.0455,0.0296,0.4,0.2828,0.068,0.0795,0.0158,0.0133,0.092,0.1741,0.084,0.0805,0.021,0.0174,0.08,0.1789,0.032,0.039,0.0226,0.0179,0.06,0.0825,0.0352,0.0322,0.0136,0.0137,0.016,0.0358,0.0616,0.0656
par181,4.8087,2.5333,14.144,11.1721,3.652,2.4034,5.5053,2.964,7.656,3.4997,4.552,2.9024,4.2285,2.892,6.416,3.3758,2.8616,2.6734,5.7076,2.8415,25.272,30.6377,2.1296,2.1921,4.7739,2.9957,10.88,5.9776,3.3528,3.0136,6.3723,3.1848,9.96,4.5042,3.944,3.6311,6.5662,3.6019,7.984,4.551,5.312,3.9211,6.1928,3.4478,10.52,9.9434,5.016,3.7336,4.108,2.6837,6.608,3.7234,2.5292,2.2412,4.6207,2.6447,20.584,22.7399,3.8828,2.8802
par182,0.9015,0.3805,2.6,3.4322,0.4296,0.2404,0.9522,0.2049,2.66,2.3512,0.572,0.256,0.3939,0.1516,0.716,0.1905,0.2764,0.2665,0.6214,0.2438,4.176,8.7364,0.0728,0.0894,0.2851,0.1519,0.96,0.805,0.0732,0.063,0.3254,0.1509,0.68,0.7823,0.1248,0.105,0.1582,0.1281,0.184,0.1459,0.148,0.1507,0.4302,0.3942,5.36,11.6502,0.06,0.0616,0.6168,0.247,2.068,2.2932,0.2812,0.2706,0.7442,0.1679,4.004,4.0257,0.4752,0.2866
par183,0.0312,0.0398,0.212,0.111,0.116,0.0555,0.0715,0.0754,0.1,0.1732,0.172,0.3297,0.0142,0.0127,0.044,0.0434,0.0836,0.0946,0.0756,0.0855,0.176,0.2471,0.0412,0.0573,0.026,0.023,0.16,0.1673,0.028,0.011,0.094,0.103,0.4,0.5831,0.036,0.0607,0.0199,0.0199,0.184,0.2475,0.072,0.1163,0.0595,0.0804,0.16,0.1673,0.016,0.0261,0.0141,0.0121,0.06,0.0469,0.0404,0.0333,0.0262,0.0341,0.148,0.2038,0.0516,0.0521
par184,0.3877,0.1674,2.524,1.7655,0.244,0.1746,0.486,0.2756,0.512,0.3725,0.532,0.5622,0.3143,0.1153,0.448,0.2671,0.1936,0.1048,0.5607,0.2992,8.036,4.9528,0.294,0.1245,0.3171,0.1066,0.6,0.3162,0.324,0.2165,0.5997,0.335,0.76,0.498,0.416,0.4367,0.51,0.2319,1.236,1.5575,0.52,0.3603,0.482,0.2092,0.2,0.2449,0.224,0.1797,0.3712,0.132,0.452,0.2105,0.134,0.0828,0.402,0.2031,2.472,1.3645,0.2308,0.1945
par185,0.0407,0.0122,0.12,0.2683,0.056,0.0498,0.0422,0.0127,0.16,0.2191,0.036,0.0167,0.0135,0.0067,0.028,0.0228,0.0068,0.0083,0.0326,0.0107,0.64,0.555,0.0064,0.0086,0.0101,0.005,0.04,0.0894,0.004,0.0089,0.022,0.0068,0.08,0.1095,0.064,0.0876,0.0055,0.0038,0,0,0.004,0.0089,0.0222,0.0108,0.52,1.1628,0,0,0.0243,0.0037,0.132,0.2081,0.0328,0.0527,0.0255,0.0044,0.12,0.1789,0.0456,0.0405
par186,0.0057,0.0046,0.044,0.0876,0.0324,0.0607,0.0193,0.0117,0.044,0.0876,0.032,0.039,0.0119,0.0177,0.008,0.011,0.0148,0.0143,0.0125,0.0103,0.084,0.1062,0.0116,0.0172,0.0057,0.0052,0.08,0.1095,0.0124,0.0176,0.0128,0.0096,0.12,0.1095,0.0024,0.0054,0.0079,0.0065,0.084,0.1769,0.016,0.0261,0.017,0.0211,0.04,0.0894,0.04,0.0894,0.0095,0.0173,0.036,0.0385,0.0444,0.077,0.0122,0.0156,0.128,0.173,0.0112,0.0108
par187,1.5605,0.2043,5.588,5.263,1.448,0.1635,1.7058,0.2931,2.176,1.1449,1.644,0.2188,1.6136,0.1593,2.096,0.2451,1.266,0.2093,1.7619,0.4231,18.784,22.9789,1.0072,0.2049,1.7101,0.1545,3.88,1.1541,1.392,0.2203,2.0778,0.5505,2.76,0.9099,1.5,0.1744,2.5078,0.9988,4.42,3.4252,2.128,0.3916,2.5592,1.1026,5.92,5.7665,2.024,0.4189,1.827,0.5613,2.844,1.7364,1.1768,0.1125,1.776,0.4331,7.092,5.9284,1.5352,0.2295
par188,0.0836,0.0587,0.224,0.1315,0.072,0.0672,0.1394,0.0993,0.236,0.1688,0.092,0.0672,0.0767,0.0585,0.172,0.2361,0.0396,0.0468,0.0706,0.0375,0.92,1.1778,0.04,0.0374,0.0338,0.027,0.16,0.0894,0.016,0.0167,0.0487,0.0269,0.16,0.1673,0.028,0.0228,0.0239,0.0179,0.032,0.046,0.02,0.0141,0.0372,0.0211,0.08,0.1095,0.016,0.0089,0.0666,0.0513,0.148,0.1354,0.0424,0.0365,0.1076,0.0769,1.392,1.5825,0.0992,0.0921
par189,0.0109,0.0103,0.1,0.2126,0.0216,0.0231,0.0282,0.0194,0,0,0.088,0.1641,0.0141,0.0066,0.1,0.0663,0.022,0.0301,0.0167,0.013,0.128,0.0996,0.0152,0.0087,0.0152,0.013,0.04,0.0894,0.0092,0.0102,0.0219,0.0168,0.04,0.0894,0.008,0.011,0.0142,0.0138,0.064,0.0921,0.012,0.011,0.0232,0.0176,0,0,0.008,0.0179,0.0109,0.0044,0.04,0.0616,0.01,0.0131,0.0084,0.0073,0.084,0.1062,0.0072,0.014
par190,0.679,0.2764,5.688,5.9112,0.456,0.3369,0.7924,0.3149,1.56,1.3957,0.488,0.4351,0.5733,0.2794,0.6,0.4308,0.3588,0.2511,1.0482,0.4881,2.888,3.4402,0.264,0.1704,0.6337,0.2616,1.44,1.0714,0.4048,0.3542,1.2986,0.4416,2.84,3.8168,0.58,0.5938,0.988,0.4445,0.904,0.3716,0.8,0.4848,0.8175,0.2459,0.6,0.3742,0.56,0.3373,0.7498,0.3887,1.96,2.4882,0.354,0.2986,0.8596,0.2434,10,4.7138,0.456,0.434
par191,0.0804,0.0441,0.64,0.8877,0.0528,0.0438,0.0623,0.0317,0.12,0.1095,0.04,0.0346,0.0258,0.014,0.048,0.046,0.008,0.0094,0.1039,0.0584,0.36,0.805,0.0064,0.0086,0.0297,0.0203,0.04,0.0894,0.0068,0.0082,0.0921,0.0792,0.56,0.8414,0.0108,0.0126,0.0551,0.1079,0,0,0.1,0.2236,0.0301,0.0283,0,0,0.004,0.0089,0.0612,0.0146,0.096,0.0829,0.0164,0.0216,0.0726,0.039,2.6,3.9699,0.0224,0.0292
par192,0.0214,0.0179,0.156,0.1615,0.02,0.0245,0.0513,0.0302,0.044,0.0876,0.132,0.1026,0.005,0.0052,0.044,0.0518,0.0148,0.0163,0.0405,0.0344,0.072,0.1026,0.01,0.0096,0.0186,0.016,0.08,0.1095,0.004,0.0089,0.1131,0.1344,0.64,0.994,0.012,0.0179,0.0248,0.0218,0.084,0.1062,0.024,0.0167,0.029,0.0172,0.04,0.0894,0.028,0.0179,0.0116,0.0108,0.044,0.0297,0.012,0.0161,0.0202,0.017,0.408,0.2536,0.0196,0.0263
par193,2.8299,1.5898,22.804,24.6121,1.5704,1.6371,3.4259,1.7153,14.536,11.0383,1.916,2.0127,2.5999,1.755,10.436,14.6572,1.2912,1.9326,3.4673,1.4904,27.808,22.9894,1.5956,1.8876,3.0106,1.4716,16.56,17.4324,1.8628,1.7501,4.2121,1.0664,11.24,13.4666,1.3792,2.0767,4.1753,1.2607,10.264,11.7422,3.16,2.322,4.6231,1.2349,15.64,17.6898,2.532,1.9552,3.117,1.5109,9.788,7.2383,1.2756,1.8571,2.9856,1.1563,36.712,27.5549,1.2815,2.0134
par194,0.2911,0.1611,2.852,2.9049,0.1916,0.217,0.3834,0.1977,1.448,1.14,0.184,0.2242,0.2035,0.1493,0.188,0.2693,0.1488,0.1549,0.2986,0.116,1.28,1.064,0.1396,0.1241,0.1705,0.0693,0.88,1.1189,0.172,0.173,0.2299,0.0579,0.76,0.9633,0.072,0.0965,0.136,0.0713,0.272,0.1842,0.084,0.1033,0.2984,0.1681,1.48,2.2027,0.1,0.1619,0.3379,0.1131,1.544,2.0853,0.1916,0.1844,0.3921,0.0625,5.876,6.3118,0.1996,0.1721
par195,0.0748,0.0685,0.588,0.5628,0.046,0.059,0.1194,0.0757,0.28,0.228,0.056,0.0555,0.0347,0.0252,0.188,0.1238,0.0616,0.062,0.1168,0.0779,0.276,0.3832,0.04,0.0508,0.0613,0.0585,0.48,0.3347,0.0212,0.0234,0.1322,0.0937,0.56,0.498,0.016,0.0154,0.0782,0.0713,0.344,0.1997,0.06,0.0469,0.1033,0.0949,0.36,0.1673,0.02,0.0141,0.0294,0.0274,0.232,0.127,0.0248,0.0228,0.0611,0.0432,0.532,0.4869,0.042,0.044
par196,0,0,0,0,0,0,0,0,0,0,0,0,0,0,0,0,0,0,0,0,0,0,0,0,0,0,0,0,0,0,0,0,0,0,0,0,0,0,0,0,0,0,0,0,0,0,0,0,0,0,0,0,0,0,0,0,0,0,0,0
par197,0,0,0,0,0,0,0,0,0,0,0,0,0,0,0,0,0,0,0,0,0,0,0,0,0,0,0,0,0,0,0,0,0,0,0,0,0,0,0,0,0,0,0,0,0,0,0,0,0,0,0,0,0,0,0,0,0,0,0,0
par198,0,0,0,0,0,0,0,0,0,0,0,0,0,0,0,0,0,0,0,0,0,0,0,0,0,0,0,0,0,0,0,0,0,0,0,0,0,0,0,0,0,0,0,0,0,0,0,0,0,0,0,0,0,0,0,0,0,0,0,0
par199,0,0,0,0,0,0,0,0,0,0,0,0,0,0,0,0,0,0,0,0,0,0,0,0,0,0,0,0,0,0,0,0,0,0,0,0,0,0,0,0,0,0,0,0,0,0,0,0,0,0,0,0,0,0,0,0,0,0,0,0
par200,0,0,0,0,0,0,0,0,0,0,0,0,0,0,0,0,0,0,0,0,0,0,0,0,0,0,0,0,0,0,0,0,0,0,0,0,0,0,0,0,0,0,0,0,0,0,0,0,0,0,0,0,0,0,0,0,0,0,0,0
par201,0,0,0,0,0,0,0,0,0,0,0,0,0,0,0,0,0,0,0,0,0,0,0,0,0,0,0,0,0,0,0,0,0,0,0,0,0,0,0,0,0,0,0,0,0,0,0,0,0,0,0,0,0,0,0,0,0,0,0,0
par202,0,0,0,0,0,0,0,0,0,0,0,0,0,0,0,0,0,0,0,0,0,0,0,0,0,0,0,0,0,0,0,0,0,0,0,0,0,0,0,0,0,0,0,0,0,0,0,0,0,0,0,0,0,0,0,0,0,0,0,0
par203,0,0,0,0,0,0,0,0,0,0,0,0,0,0,0,0,0,0,0,0,0,0,0,0,0,0,0,0,0,0,0,0,0,0,0,0,0,0,0,0,0,0,0,0,0,0,0,0,0,0,0,0,0,0,0,0,0,0,0,0
par204,0,0,0,0,0,0,0,0,0,0,0,0,0,0,0,0,0,0,0,0,0,0,0,0,0,0,0,0,0,0,0,0,0,0,0,0,0,0,0,0,0,0,0,0,0,0,0,0,0,0,0,0,0,0,0,0,0,0,0,0
par205,0,0,0,0,0,0,0,0,0,0,0,0,0,0,0,0,0,0,0,0,0,0,0,0,0,0,0,0,0,0,0,0,0,0,0,0,0,0,0,0,0,0,0,0,0,0,0,0,0,0,0,0,0,0,0,0,0,0,0,0
par206,0,0,0,0,0,0,0,0,0,0,0,0,0,0,0,0,0,0,0,0,0,0,0,0,0,0,0,0,0,0,0,0,0,0,0,0,0,0,0,0,0,0,0,0,0,0,0,0,0,0,0,0,0,0,0,0,0,0,0,0
par207,0,0,0,0,0,0,0,0,0,0,0,0,0,0,0,0,0,0,0,0,0,0,0,0,0,0,0,0,0,0,0,0,0,0,0,0,0,0,0,0,0,0,0,0,0,0,0,0,0,0,0,0,0,0,0,0,0,0,0,0
par208,0,0,0,0,0,0,0,0,0,0,0,0,0,0,0,0,0,0,0,0,0,0,0,0,0,0,0,0,0,0,0,0,0,0,0,0,0,0,0,0,0,0,0,0,0,0,0,0,0,0,0,0,0,0,0,0,0,0,0,0
par209,0,0,0,0,0,0,0,0,0,0,0,0,0,0,0,0,0,0,0,0,0,0,0,0,0,0,0,0,0,0,0,0,0,0,0,0,0,0,0,0,0,0,0,0,0,0,0,0,0,0,0,0,0,0,0,0,0,0,0,0
par210,0,0,0,0,0,0,0,0,0,0,0,0,0,0,0,0,0,0,0,0,0,0,0,0,0,0,0,0,0,0,0,0,0,0,0,0,0,0,0,0,0,0,0,0,0,0,0,0,0,0,0,0,0,0,0,0,0,0,0,0
par211,0,0,0,0,0,0,0,0,0,0,0,0,0,0,0,0,0,0,0,0,0,0,0,0,0,0,0,0,0,0,0,0,0,0,0,0,0,0,0,0,0,0,0,0,0,0,0,0,0,0,0,0,0,0,0,0,0,0,0,0
par212,0,0,0,0,0,0,0,0,0,0,0,0,0,0,0,0,0,0,0,0,0,0,0,0,0,0,0,0,0,0,0,0,0,0,0,0,0,0,0,0,0,0,0,0,0,0,0,0,0,0,0,0,0,0,0,0,0,0,0,0
par213,0.4546,0.5978,1.84,1.0807,0.128,0.118,0.5896,1.0631,2.2,2.7677,1.084,2.191,0.1267,0.1189,1.064,2.1695,0.2028,0.2166,1.0116,1.8162,2,3.4147,0.5792,1.0279,0.2393,0.4934,0.68,0.9859,0.36,0.597,0.6028,0.9875,5.32,6.6311,0.436,0.5982,0.7682,1.4456,3.08,2.013,0.22,0.2832,0.3236,0.6705,1.04,1.5518,0.384,0.6963,0.2712,0.4602,1.34,1.9638,0.218,0.3881,0.3679,0.7601,1.36,1.1781,0.1244,0.1163
par214,0.3508,0.4229,1.088,1.6175,0.1704,0.2497,0.3637,0.4612,2.22,1.5401,0.696,0.8867,0.0228,0.0324,1.604,2.6427,0.1988,0.2757,1.0538,1.3129,3.38,2.6708,0.6424,0.8536,0.2475,0.3023,1.44,1.5582,0.4324,0.5974,0.5029,0.6133,6.04,5.8145,0.28,0.403,0.8016,1.0414,3.32,2.1927,0.324,0.5922,0.2982,0.3605,1.16,1.0526,0.412,0.6409,0.3784,0.451,1.216,1.399,0.436,0.5187,0.4471,0.6024,2.032,1.7655,0.1828,0.2717
par215,2.7623,2.2421,6.916,5.2725,1.228,0.9886,1.5685,1.2665,4,1.2961,2.876,2.0166,0.3174,0.2199,5.536,4.8145,0.5092,0.5525,3.4146,2.7645,7.6,4.4452,2.5608,2.9569,0.6423,0.5594,1.04,0.4775,1.584,1.5081,2.3391,1.7401,11.32,6.0541,1.448,1.3373,2.3364,1.9845,5.136,3.6976,0.252,0.1718,1.5139,1.2442,3.12,2.3221,1.66,1.389,1.3266,1.1339,2.244,2.1138,0.796,0.736,1.6893,1.4336,2.72,2.4803,0.5324,0.4301
par216,0.4361,0.54,2.34,2.7042,0.1252,0.1612,0.6534,0.4898,2.668,0.9301,1.736,2.0329,0.1883,0.1886,1.808,2.3102,0.0632,0.0514,1.2558,1.0164,3.236,2.6869,0.7812,0.9212,0.4376,0.369,0.36,0.2966,0.608,0.6359,0.7846,0.6125,4.44,2.4795,0.5156,0.4976,0.8199,0.7263,2.956,1.378,0.208,0.1026,0.6284,0.5649,1.48,1.3828,0.876,0.9838,0.3323,0.3839,2.592,2.1225,0.3364,0.3548,0.6993,0.6153,1.38,0.9284,0.0556,0.0502
par217,0.0583,0.0426,0.348,0.4511,0.1484,0.1469,0.1564,0.1563,0.588,0.5027,0.424,0.5552,0.1596,0.1244,0.928,1.0427,0.0476,0.041,0.3638,0.3209,1.576,1.2833,0.484,0.6179,0.1636,0.1335,0.04,0.0894,0.364,0.3106,0.3403,0.2807,2.16,1.8889,0.2064,0.3109,0.2849,0.257,0.888,1.1184,0.136,0.1841,0.2417,0.221,0.68,0.3633,0.392,0.5612,0.2342,0.2051,1.096,0.7639,0.3392,0.3098,0.2613,0.2423,0.32,0.3033,0.08,0.0847
par218,0.8478,0.9741,8.216,5.9306,1.66,1.881,4.3482,4.1169,8.836,6.0716,2.052,1.6614,1.3544,1.2803,1.036,1.2349,2.0388,2.8573,4.8739,4.9053,7.3,7.794,1.5952,2.0027,1.3434,1.2773,3.84,3.3716,1.512,1.2301,3.258,2.7313,21.68,14.4545,1.2552,1.2052,2.64,3.2319,8.44,6.8885,1.532,1.7664,2.8063,2.7109,7.6,8.6174,1.516,1.4109,1.5414,1.4957,2.076,1.8124,1.478,1.8449,1.2379,1.3936,3.832,3.6597,1.2384,1.4762
par219,0.3569,0.2863,36.944,15.4614,1.364,0.9509,1.6505,0.6584,29.24,12.3121,1.724,1.2718,1.1457,0.4657,1.76,1.0713,1.122,1.1666,2.6363,1.603,65.332,38.3585,1.1156,1.2066,0.6677,0.7315,19.92,13.5275,1.9808,1.4598,2.3933,1.3202,82.4,17.0511,1.7904,1.1254,0.8935,1.0183,17.196,13.2886,2.836,1.0536,0.8428,0.3892,42.08,11.3812,2.032,1.6333,1.2219,0.3732,7.096,9.2339,1.2044,1.0534,0.4617,0.4486,22.76,14.6058,0.9456,0.8855
par220,1.2172,1.7116,50.464,38.722,0.876,0.918,3.2653,3.3328,77.312,17.5698,1.38,0.6369,0.9863,0.8127,3.572,3.2099,0.7352,0.5939,4.1471,3.8981,77.976,42.5435,0.5408,0.5314,1.1252,1.3049,38.72,29.497,1.644,0.9715,4.9601,3.3151,142.16,41.0992,1.516,0.9415,1.7484,1.2434,18.032,10.717,2.28,1.876,1.7048,2.2483,74.56,19.0339,1.66,1.2862,0.9244,0.5427,9.1,15.2947,0.8168,0.6748,1.1819,1.591,43.916,28.7821,0.8208,0.797
par221,3.4471,4.0533,287.964,184.9178,7.004,1.4961,8.4356,6.5493,340.336,49.7741,8.584,5.8678,3.4727,2.0208,40.144,35.9531,3.912,1.2696,11.8864,7.7358,581.42,97.6222,3.1216,1.3877,2.2408,3.0302,369.8,148.157,7.1084,2.4919,14.9031,7.0051,342.36,121.031,7.834,1.9038,4.5704,2.3791,120.808,57.0333,8.584,2.3491,4.4123,4.9082,355.72,98.5615,8.436,2.934,2.892,1.322,99.712,98.4892,3.194,0.9808,2.4094,3.1664,251.872,142.9437,4.5864,1.2676
par222,0.0342,0.0299,12.84,9.09,0.3312,0.331,0.2169,0.1695,10.8,4.827,0.228,0.2689,0.1445,0.1703,0.92,0.6608,0.1416,0.1935,0.4367,0.324,24.44,17.5781,0.0876,0.0874,0.124,0.0548,21.24,9.3813,0.3524,0.3003,0.2987,0.2586,3.84,3.1919,0.2048,0.1238,0.1478,0.1168,6.24,4.5758,0.232,0.1906,0.2326,0.1511,19.6,5.5136,0.388,0.1375,0.1423,0.0956,1.784,1.9425,0.162,0.1283,0.0878,0.0717,13.76,8.7137,0.1788,0.2093
par223,0.7326,0.6654,31.16,15.5643,0.5288,0.3187,0.9023,1.1015,30.44,22.317,0.472,0.2799,0.2534,0.0997,5.012,7.9727,0.1432,0.0752,1.0461,1.1579,41.6,36.1925,0.1712,0.0966,0.4043,0.7447,66.8,26.9941,0.516,0.2051,1.177,1.439,23.92,15.1497,0.572,0.2686,0.5482,0.389,15.1,12.8258,0.424,0.1108,0.6258,1.0304,47.64,33.9922,0.428,0.2296,0.2279,0.0377,2.832,5.0852,0.1812,0.0898,0.2421,0.4291,31.88,23.0511,0.052,0.0626
par224,0.6063,0.7423,34.852,24.4037,0.608,0.4385,2.4328,1.1654,79.932,31.26,0.844,1.0281,0.4485,0.3649,1.088,0.9477,0.4292,0.2688,2.1954,1.8874,43.22,29.9832,0.292,0.1706,0.5362,0.3698,44.64,28.7581,0.588,0.4228,3.2775,1.6567,42.6,31.1426,1.168,1.1898,1.2585,1.22,45.268,33.9478,1.136,0.8537,0.7914,0.805,68.6,20.2874,1.168,0.971,0.244,0.1187,4.416,2.5326,0.2016,0.1379,1.1649,0.691,100.316,29.2872,0.7032,0.5924
par225,2.9559,4.3944,169.688,167.4218,1.624,2.7452,7.9067,9.4124,160.24,94.7394,1.772,3.187,1.5237,2.148,33.824,37.8906,1.3672,2.2563,7.1567,7.5266,260.496,229.1762,1.4404,2.003,3.5639,3.9087,292.72,193.4696,2.236,3.1962,7.7168,8.2582,95.56,115.1483,1.756,2.081,3.5793,4.3634,107.88,114.7391,2.836,3.1094,4.4272,4.7285,183.72,73.0956,2.752,3.4283,0.5488,0.7312,33.236,43.9327,1.0972,1.9006,2.3771,2.529,199.452,186.87,0.8292,1.1568
par226,0,0,0,0,0,0,0,0,0,0,0,0,0,0,0,0,0,0,0,0,0,0,0,0,0,0,0,0,0,0,0,0,0,0,0,0,0,0,0,0,0,0,0,0,0,0,0,0,0,0,0,0,0,0,0,0,0,0,0,0
par227,0,0,0,0,0,0,0,0,0,0,0,0,0,0,0,0,0,0,0,0,0,0,0,0,0,0,0,0,0,0,0,0,0,0,0,0,0,0,0,0,0,0,0,0,0,0,0,0,0,0,0,0,0,0,0,0,0,0,0,0
par228,0,0,0,0,0,0,0,0,0,0,0,0,0,0,0,0,0,0,0,0,0,0,0,0,0,0,0,0,0,0,0,0,0,0,0,0,0,0,0,0,0,0,0,0,0,0,0,0,0,0,0,0,0,0,0,0,0,0,0,0
par229,0.0318,0.0241,0.38,0.3899,0.0116,0.0085,0.0378,0.0366,0.16,0.2191,0.048,0.0576,0.0258,0.0261,0.088,0.1285,0.0184,0.0173,0.0255,0.0186,0,0,0.0088,0.0112,0.0246,0.026,0.08,0.1095,0.0128,0.0173,0.0272,0.0343,0.12,0.1789,0.0128,0.01,0.0491,0.0493,0.12,0.1789,0.036,0.0385,0.0519,0.0511,0.48,0.6723,0.112,0.1221,0.0312,0.0273,0.06,0.0825,0.0126,0.0075,0.0207,0.0163,0.12,0.1789,0.0352,0.0743
par230,0,0,0,0,0,0,0,0,0,0,0,0,0,0,0,0,0,0,0,0,0,0,0,0,0,0,0,0,0,0,0,0,0,0,0,0,0,0,0,0,0,0,0,0,0,0,0,0,0,0,0,0,0,0,0,0,0,0,0,0
par231,0,0,0,0,0,0,0,0,0,0,0,0,0,0,0,0,0,0,0,0,0,0,0,0,0,0,0,0,0,0,0,0,0,0,0,0,0,0,0,0,0,0,0,0,0,0,0,0,0,0,0,0,0,0,0,0,0,0,0,0
par232,0,0,0,0,0,0,0,0,0,0,0,0,0,0,0,0,0,0,0,0,0,0,0,0,0,0,0,0,0,0,0,0,0,0,0,0,0,0,0,0,0,0,0,0,0,0,0,0,0,0,0,0,0,0,0,0,0,0,0,0
par233,0,0,0,0,0,0,0,0,0,0,0,0,0,0,0,0,0,0,0,0,0,0,0,0,0,0,0,0,0,0,0,0,0,0,0,0,0,0,0,0,0,0,0,0,0,0,0,0,0,0,0,0,0,0,0,0,0,0,0,0
par234,0,0,0,0,0,0,0,0,0,0,0,0,0,0,0,0,0,0,0,0,0,0,0,0,0,0,0,0,0,0,0,0,0,0,0,0,0,0,0,0,0,0,0,0,0,0,0,0,0,0,0,0,0,0,0,0,0,0,0,0
par235,0,0,0,0,0,0,0,0,0,0,0,0,0,0,0,0,0,0,0,0,0,0,0,0,0,0,0,0,0,0,0,0,0,0,0,0,0,0,0,0,0,0,0,0,0,0,0,0,0,0,0,0,0,0,0,0,0,0,0,0
par236,0,0,0,0,0,0,0,0,0,0,0,0,0,0,0,0,0,0,0,0,0,0,0,0,0,0,0,0,0,0,0,0,0,0,0,0,0,0,0,0,0,0,0,0,0,0,0,0,0,0,0,0,0,0,0,0,0,0,0,0
